医療機関略称,所在地,電話番号
アイ往診クリニック,仙台市青葉区上杉３丁目２－２８　アクス上杉ビル２０１,022-722-2658
相田内科医院,仙台市青葉区荒巻本沢３丁目１６−５,022-278-9170
青葉通一番町内科クリニック,仙台市青葉区一番町２丁目４－１９　シリウス・一番町３階,022-302-7025
あおば通りかずみクリニック,仙台市青葉区大町１丁目１－５　グレイス大町３Ｆ,022-724-7294
青葉通けやきクリニック,仙台市青葉区大町１丁目１−８　第３青葉ビル４階,022-263-0280
あおば脳神経外科,仙台市青葉区中央２丁目１１−１９　仙南ビル,022-215-8818
あかかぶクリニック,仙台市青葉区中央２丁目６－１９　豊栄堂ビル５階,022-224-6788
あかねクリニック,仙台市青葉区北目町３−９　一番町南診療所Building3F,022-797-3070
あきもとクリニック,仙台市青葉区栗生７丁目１０−７,022-392-3371
旭ヶ丘ハート内科,仙台市青葉区旭ヶ丘４丁目１－１,022-341-8180
阿部内視鏡内科,仙台市青葉区川内川前丁５,022-223-5645
あやし小児科医院,仙台市青葉区愛子中央６丁目２−１７,022-392-1881
あやし腎・泌尿器クリニック,仙台市青葉区下愛子観音堂２６－１,022-797-8135
荒巻なべ胃腸科内科クリニック,仙台市青葉区荒巻本沢３丁目１−７,022-719-6071
粟野内科医院,仙台市青葉区立町２５−１３,022-265-2050
池田クリニック,仙台市青葉区旭ヶ丘２丁目１５−１５,022-233-5502
市川内科,仙台市青葉区一番町３丁目７−１　電力ビル２Ｆ,022-262-5755
一財）周行会上杉クリニック,仙台市青葉区上杉２丁目３−３　ノースフォー１階・２階,022-221-5668
一番町健診クリニック,仙台市青葉区一番町４丁目９−１８　ＴＩＣビル４・５階,022-217-6678
一番町南診療所仙台心臓血圧総合クリニック,仙台市青葉区北目町３−９　一番町南診療所Building2F,022-393-5615
一番町メンタルクリニック,仙台市青葉区一番町２丁目４－１９　３Ｆ,022-221-2277
胃腸科内科　北川医院,仙台市青葉区中央３丁目８−２０,022-223-2652
いつつばしクリニック,仙台市青葉区五橋１丁目１−５８　９０９,022-797-8625
医の森クリニック仙台,仙台市青葉区中央１丁目１－１　エスパル仙台東館　４Ｆ,022-352-3786
今井小児科,仙台市青葉区八幡３丁目３−１０,022-267-6051
イムス仙台クリニック,仙台市青葉区一番町２丁目４−１　読売仙台一番町ビル４F,022-262-9331
イムス明理会仙台総合病院,仙台市青葉区中央４丁目５−１,022-268-3150
医療法人　かんとうクリニック,仙台市青葉区本町２丁目１７−２３,022-397-7762
医療法人　会川クリニック,仙台市青葉区北山１丁目４−１２,022-234-5927
岩崎医院,仙台市青葉区愛子中央６丁目７−２３,022-392-3161
医）交鐘会　あおぞら在宅診療所　仙台中央,仙台市青葉区堤通雨宮町８－１　ＷＩＮＧ９９・２０２号,022-343-7611
内山内科医院,仙台市青葉区広瀬町４−１,022-225-4568
漆山医院,仙台市青葉区木町通１丁目４−２０,022-225-0255
江川クリニック,仙台市青葉区旭ヶ丘４丁目３５−２７,022-274-1205
ＬＣクリニック仙台,仙台市青葉区中央１丁目３−１　アエル１１階,022-267-1020
往診クリニック,仙台市青葉区花京院２丁目１−７,022-212-8501
大内医院,仙台市青葉区福沢町１−３４,022-222-9870
大平メンタルクリニック,仙台市青葉区八幡３丁目２－１１,022-723-5573
大野内科医院,仙台市青葉区昭和町５−４６,022-234-4171
おおひら内科クリニック,仙台市青葉区二日町１６−２７,022-224-1627
奥口内科クリニック,仙台市青葉区中央２丁目１０−１２,022-215-7171
小野寺内科医院,仙台市青葉区昭和町１−２９,022-234-4743
小野よしあき内科クリニック,仙台市青葉区米ケ袋２丁目３−４　米ケ袋ベルサンテ１Ｆ,022-211-0125
貝ヶ森きむら医院,仙台市青葉区貝ヶ森６丁目１５−８,022-279-7200
海瀬内科クリニック,仙台市青葉区木町通１丁目６−３２　２０２,022-723-5155
貝山病院,仙台市青葉区大町２丁目１２−８,022-222-5945
柿沼　青葉心理クリニック,仙台市青葉区上杉１丁目１７−３０　６０１,022-215-3525
笠原内科循環器科クリニック,仙台市青葉区木町１７−３,022-301-5111
柏木クリニック,仙台市青葉区柏木２丁目６－２,022-275-1310
片倉内科,仙台市青葉区北根黒松９−２３,022-233-2071
花壇医院,仙台市青葉区花壇５−３,022-222-0052
かとう内科医院,仙台市青葉区一番町１丁目５－３５,022-722-5005
かねとう腎泌尿器科クリニック,仙台市青葉区中央３丁目１−２２　エキニア青葉通り８階,022-216-7111
河北診療所内科,仙台市青葉区五橋１丁目２−２８,022-211-1457
上愛子クリニック,仙台市青葉区上愛子字街道７７−３,022-392-0330
上杉胃腸科内科クリニック,仙台市青葉区上杉１丁目６－１０　EARTH BLUE 仙台勾当台3Ｆ,022-724-7822
かやま小児科医院,仙台市青葉区昭和町２－２７,022-234-8870
ＫＡＲＡＤＡ　ＰＯＲＴ　ｉｎｄｅｎｅ,仙台市青葉区一番町１丁目９－１　仙台トラストタワー３Ｆ,
川平内科,仙台市青葉区川平３丁目４０−１０,022-303-2523
かわむらこどもクリニック,仙台市青葉区高松１丁目１６−１,022-271-5255
河村内科外科,仙台市青葉区中山５丁目６－１,022-278-0533
菊地胃腸科内科医院,仙台市青葉区春日町１０−３０,022-261-3344
北仙台診療所,仙台市青葉区通町２丁目５−６,022-272-5850
北仙台はせがわクリニック,仙台市青葉区昭和町４－３　北仙台ひまわりビル２階,022-346-0630
北仙台レディースクリニック,仙台市青葉区昭和町５−２８　ロイヤルオフィス北仙台３Ｆ,022-234-3541
北田内科小児科医院,仙台市青葉区八幡３丁目６−１５,022-223-0208
きたのはら女性クリニック,仙台市青葉区国分町２丁目２−５　柴崎ビル８Ｆ,022-722-2077
北山内科クリニック,仙台市青葉区北山３丁目１−３０,022-275-2255
北四番丁クリニック,仙台市青葉区上杉１丁目１７－２０　第６銅谷ビル１Ｆ,022-266-0725
きぼうの杜クリニック,仙台市青葉区芋沢字権現森山８２ー１４,022-227-6033
木町ささきクリニック,仙台市青葉区木町９－２４,022-341-8121
木町さとうクリニック,仙台市青葉区木町通１丁目８−１５　木町通オフィスビル３階,022-222-4412
木町小児科医院,仙台市青葉区柏木３丁目１−４３,022-273-3505
木町病院,仙台市青葉区木町通１丁目７−１３,022-224-5511
草刈内科医院,仙台市青葉区東照宮２丁目１−２,022-271-9251
くにみ内科クリニック,仙台市青葉区国見４丁目２−５,022-301-6530
栗生内科胃腸科医院,仙台市青葉区落合６丁目１−１,022-392-1333
クレアクリニック,仙台市青葉区中央３丁目１－２２　EQUINIA青葉通り６F,022-226-7608
健康相談所興生館,仙台市青葉区宮町１丁目１−５,022-221-4461
玄徳内科,仙台市青葉区本町１丁目１３−３２　オーロラビル１Ｆ,022-216-5601
小泉内科医院,仙台市青葉区上杉４丁目２−４７,022-222-8703
厚生仙台クリニック,仙台市青葉区柏木１丁目５−４５,022-727-7667
勾当台はやさか内科クリニック,仙台市青葉区国分町３丁目６−１　仙台パークビル１階,022-217-1452
齊藤こども医院,仙台市青葉区川平３丁目４２−３０,022-277-3710
齋藤内科医院,仙台市青葉区上杉５丁目３−６５,022-221-2977
さかいたけおクリニック,仙台市青葉区木町通１丁目５－１２,022-263-4976
さがら内科クリニック,仙台市青葉区小松島４丁目２７−３３,022-728-8558
さくやま小児科クリニック,仙台市青葉区南吉成４丁目１３−２,022-279-9161
桜ヶ丘　あおぞら内科,仙台市青葉区桜ケ丘２丁目１３−３,022-279-0255
桜ヶ丘クリニック,仙台市青葉区桜ヶ丘７丁目２２−８,022-303-2555
ささきクリニック,仙台市青葉区旭ヶ丘３丁目１５−３１,022-727-7855
佐々木内科医院,仙台市青葉区子平町１５−３６,022-234-2267
佐藤韶矩医院,仙台市青葉区通町１丁目７−３３,022-234-0803
佐藤医院,仙台市青葉区中山４丁目１０−３３,022-278-7050
佐藤茂内科医院,仙台市青葉区中山８丁目２３−２,022-278-5865
佐藤内科医院,仙台市青葉区愛子東１丁目７−２８,022-392-5151
さはた内科クリニック,仙台市青葉区一番町３丁目６－１　一番町平和ビル５Ｆ　５０４,022-265-0515
柴崎内科小児科医院,仙台市青葉区八幡４丁目２−１１,022-271-7575
渋川内科医院,仙台市青葉区宮町５丁目１０−１５,022-272-5780
清水内科,仙台市青葉区錦町２丁目１−６,022-223-2532
白根胃腸クリニック,仙台市青葉区上杉２丁目１−３０,022-263-3151
シリウス外科・内科クリニック,仙台市青葉一番町２丁目４－１９　シリウス一番町３Ｆ,022-302-5990
神経内科クリニック仙台,仙台市青葉区中央３丁目１−２２　エキニア青葉通り６階,022-723-6523
ＪＲ仙台病院,仙台市青葉区五橋１丁目１−５,022-266-9671
ＪＣＨＯ仙台病院,仙台市青葉区堤町３丁目１６番１号,022-275-3111
定禅寺フローレンスクリニック,仙台市青葉区国分町２丁目１３－２１　定禅寺アップルスクエア６階,022-281-8671
すこやかクリニック,仙台市青葉区八幡２丁目４−１３,022-219-0052
すずきクリニック,仙台市青葉区栗生４丁目１２−３,022-391-0765
せせらぎクリニック,仙台市青葉区愛子東１丁目４－２７,022-797-8507
仙台エコー医療療育センター,仙台市青葉区芋沢字横前1-1,022-394-7711
仙台甲状腺クリニック,仙台市青葉区中央３丁目１−２２　エキニア青葉通り３階,022-722-0321
仙台合同庁舎診療所,仙台市青葉区本町３丁目１−１,
仙台市北部急患診療所,仙台市青葉区堤町１丁目１−２　エムズ北仙台２階,022-301-6611
仙台腎泌尿器科,仙台市青葉区南吉成３丁目１−３２,022-719-6622
仙台星陵クリニック,仙台市青葉区木町通２丁目４−４５,022-273-3533
せんだい総合健診クリニック,仙台市青葉区一番町１丁目９−１　仙台トラストタワー４階,022-221-0066
仙台内科睡眠クリニック,仙台市青葉区中央１丁目１－１　エスパル仙台４階,022-791-4159
仙台内科総合クリニック,仙台市青葉区上杉３丁目９−２５,022-217-1733
仙台中江病院,仙台市青葉区中江１丁目１０−１８,022-263-3031
仙台錦町診療所,仙台市青葉区上杉３丁目２－２８　アクス上杉ビル３階,022-222-7997
仙台ユナイテッドクリニック,仙台市青葉区中央１丁目８－４０　井門仙台駅前ビル９階,022-796-9358
仙微研クリニック,仙台市青葉区南吉成６丁目６−６,022-303-3044
高野原曽木医院,仙台市青葉区高野原４丁目１０−１４,022-391-3311
台原高柳病院,仙台市青葉区台原６丁目３−３３,022-273-2525
だいのはら殿塚クリニック,仙台市青葉区台原２丁目１０－２　アークヒルズ台原２０１,022-725-3614
台原内科クリニック,仙台市青葉区台原１丁目７−２８,022-727-1311
台原まことクリニック,仙台市青葉区台原５丁目１−５４,022-301-5567
千田内科,仙台市青葉区荒巻神明町１９−９,022-271-1183
千葉クリニック,仙台市青葉区三条町１１－２６,022-275-7333
中央診療所,仙台市青葉区中央１丁目３−１　ＡＥＲ１２Ｆ,022-263-4053
てらさわ小児科,仙台市青葉区中山２丁目２６−２０,022-303-1515
東西クリニック仙台,仙台市青葉区南吉成３丁目１−２３,022-277-6221
東北公済病院,仙台市青葉区国分町２丁目３−１１,022-227-2211
東北大学病院,仙台市青葉区星陵町１−１,022-717-7000
東北大学保健管理センター,仙台市青葉区川内４１,
東北福祉大学せんだんホスピタル,仙台市青葉区国見ケ丘６丁目６５−８,022-303-0125
東北労災病院,仙台市青葉区台原４丁目３−２１,022-275-1111
土橋内科,仙台市青葉区八幡２丁目１１−８,022-272-9220
内科佐藤病院,仙台市青葉区上杉２丁目３−１７,022-221-5566
中村クリニック,仙台市青葉区中央２丁目２−５　あおば通駅前ビル６Ｆ,022-212-3615
なかやま医院,仙台市青葉区中山４丁目１３－３６,022-725-6910
長野内科胃腸科,仙台市青葉区通町２丁目１７−１９,022-272-6677
南條クリニック,仙台市青葉区台原５丁目５−５,022-301-3711
錦ヶ丘ヒルズクリニック,仙台市青葉区錦ヶ丘７丁目２０－２,022-797-2492
西仙台病院,仙台市青葉区芋沢字新田５４−４,022-394-5721
橋本クリニック,仙台市青葉区柏木１丁目７－２８　柏木メディカルビル２Ｆ,022-718-6886
はちまん石川内科クリニック,仙台市青葉区八幡２丁目１８−２,022-272-9767
羽二生クリニック,仙台市青葉区柏木２丁目２−１４,022-273-1182
早川医院,仙台市青葉区上愛子字大道１８−１,022-392-3214
早坂病院,仙台市青葉区川内澱橋通３８,022-261-1611
ひがしかつやまクリニック,仙台市青葉区東勝山２丁目１４−１３,022-728-6501
東勝山なかざわ内科・アレルギー科,仙台市青葉区東勝山３丁目１４−１１,022-728-8181
東二番丁診療所,仙台市青葉区一番町１丁目９−１　仙台トラストタワー３Ｆ,022-221-5226
日野クリニック,仙台市青葉区愛子東２丁目３－１８,022-797-6131
ひろせ中央クリニック,仙台市青葉区落合２丁目４−１２,022-391-0755
ひろせ内科,仙台市青葉区愛子東１－８－８,022-797-0100
広瀬病院,仙台市青葉区郷六字大森４−２,022-226-2661
複十字健診センター,仙台市青葉区中山吉成２丁目３−１,022-719-5161
ふくじゅ草クリニック,仙台市青葉区八幡３丁目１−５０　レキシントンプラザ八幡２階,022-224-2910
藤ＧＳクリニック,仙台市青葉区国見４－３－９,022-272-2386
訪問クリニックちから,仙台市青葉区二日町１８−２６　二日町ＯＡビル４Ｆ,022-266-9070
堀田内科,仙台市青葉区立町１２−３,022-223-2660
前澤医科歯科クリニック,仙台市青葉区赤坂２丁目２３−１０,022-391-3977
松尾けんこうクリニック,仙台市青葉区高松２丁目１１−７４,022-727-1033
松沢医院,仙台市青葉区中央２丁目４−１１,022-261-3752
松原医院,仙台市青葉区愛子東２丁目３－６３,022-392-3111
三浦りょう内科クリニック,仙台市青葉区栗生６丁目１３－８,022-302-8757
三品内科,仙台市青葉区支倉町２−３７,022-227-3986
南町通り内科クリニック,仙台市青葉区一番町２丁目２−８　ＩＫＩビル２階,022-716-6277
南吉成クリニック,仙台市青葉区南吉成３丁目９−５,022-277-6611
宮城共立医院,仙台市青葉区上愛子字上遠野原９−７６,022-392-6631
宮城県対がん協会,仙台市青葉区上杉５丁目７−３０,022-263-1525
宮城県農協連診療所,仙台市青葉区上杉１丁目２−１６,
宮城県立こども病院,仙台市青葉区落合４丁目３−１７,022-391-5111
みやぎ台かねこ医院,仙台市青葉区みやぎ台３丁目２６−８,022-391-3611
宮城中央病院,仙台市青葉区上杉１丁目９−１７,022-224-1307
宮町整形外科クリニック,仙台市青葉区宮町４丁目６−１０,022-796-3271
宮町通りクリニック,仙台市青葉区宮町１丁目１−４８,022-223-2082
みよしメンタルクリニック,仙台市青葉区中央２丁目２－１０　仙都会館４階,022-797-7145
宗像靖彦クリニック,仙台市青葉区下愛子字観音堂１－１,022-399-6860
めときこどもクリニック,仙台市青葉区国見ケ丘１丁目１４−４,022-278-1041
杜のホスピタル・あおば,仙台市青葉区八幡６丁目９−３,022-718-8871
もりのみやこクリニック,仙台市青葉区本町２丁目１０－５　第７太田ビル４階,070-3953-9192
森洋子クリニック,仙台市青葉区中央１丁目３－１　AER　１０F,022-723-3360
森るり子内科クリニック,仙台市青葉区五橋１丁目６−２３,022-221-2119
師小児科医院,仙台市青葉区中央２丁目１０−１７,022-222-6247
やすだクリニック,仙台市青葉区桜ケ丘４丁目１９−１６,022-278-1731
やたべ内科・訪問診療クリニック,仙台市青葉区錦町１丁目９番８号,022-397-9904
矢野内科クリニック,仙台市青葉区中山台２丁目２６−１４,022-279-6551
山形内科医院,仙台市青葉区木町通１丁目１−１８,022-221-5678
山口胃腸科外科医院,仙台市青葉区上杉１丁目４−２８,022-223-3533
吉成台内科胃腸科,仙台市青葉区吉成台１丁目２－５,022-303-2320
予防福祉クリニック,仙台市青葉区国見１丁目１９－１,022-727-2266
りきおこどもクリニック,仙台市青葉区落合６丁目１０−１,022-797-4288
りょうベビー＆キッズクリニック,仙台市青葉区五橋２丁目１－１７　Cube Azure ２F,
若山医院,仙台市青葉区東勝山３丁目４－５,022-341-5575
あいざわクリニック,仙台市宮城野区銀杏町２６−７,022-296-0520
あおぞら在宅診療所　仙台東,仙台市宮城野区苦竹１丁目９－１,022-794-8910
阿部医院,仙台市宮城野区岩切字洞ノ口１９０-４,022-255-8218
阿部神経科,仙台市宮城野区小鶴１丁目１−１１,022-251-1804
五十嵐内科,仙台市宮城野区福室３丁目３７－５,022-355-9988
いのうえ小児科クリニック,仙台市宮城野区福室２丁目６−２４,022-254-1101
色川医院,仙台市宮城野区福田町２丁目５−１３,022-258-1051
岩切中央クリニック,仙台市宮城野区岩切分台１丁目２−５,022-255-2131
岩切病院,仙台市宮城野区岩切字稲荷２１,022-255-5555
うりぼうキッズクリニック,仙台市宮城野区岩切分台３丁目１－５,022-355-4515
遠藤クリニック,仙台市宮城野区福田町１丁目１−１８,022-258-3600
おおかた内科胃腸科医院,仙台市宮城野区鶴ヶ谷北１丁目１４−２１,022-251-5515
大山内科胃腸科,仙台市宮城野区燕沢３丁目１９−１,022-253-1733
小田原クリニック,仙台市宮城野区小田原１丁目６−４０,022-792-8080
おのでらクリニック,仙台市宮城野区銀杏町３５−１,022-236-7522
菅野医院,仙台市宮城野区小田原１丁目３−２７,022-256-4261
キッズクリニック田子,仙台市宮城野区田子西１丁目１０－９,022-290-9377
木下内科,仙台市宮城野区原町２丁目４−４３,022-257-0505
さいわい町ファミリークリニック,仙台市宮城野区幸町２丁目２１−８,022-781-9815
佐藤彰内科消化器科医院,仙台市宮城野区高砂１丁目２９−４,022-388-6338
さのクリニック,仙台市宮城野区小田原弓ノ町１００－１　４Ｆ,022-291-2680
産総研支部診療所東北分室,仙台市宮城野区苦竹４丁目２−１,022-237-5211
塩沢消化器内科,仙台市宮城野区燕沢２丁目１５−３０,022-251-2233
清水内科小児科医院,仙台市宮城野区萩野町２丁目１７−６,022-231-0280
庄司内科,仙台市宮城野区原町１丁目１−８０,022-293-7236
新田さいとうクリニック,仙台市宮城野区新田４丁目３３－１８,022-353-5780
新田東クリニック,仙台市宮城野区新田東２丁目１０−４,022-797-6700
自衛隊仙台病院,仙台市宮城野区南目館１−１,022-231-1111
スペルマン病院,仙台市宮城野区東仙台６丁目７−１,022-257-0231
せきこどもクリニック,仙台市宮城野区福室５丁目９−４０,022-388-8864
仙台医療センター,仙台市宮城野区宮城野２丁目１１－１２,022-293-1111
仙台駅東クリニック,仙台市宮城野区榴岡２丁目１−１２　ＫＩビル３階,022-299-3210
仙台高砂駅前メンタルクリニック,仙台市宮城野区高砂１丁目１５４－１１,022-290-5270
仙台東脳神経外科病院,仙台市宮城野区岩切１丁目１２−１,022-255-7117
仙台ペインクリニック,仙台市宮城野区新田東３丁目１４−１,022-236-1310
仙台森ビル内科クリニック,仙台市宮城野区榴岡４丁目２−３　仙台ＭＴビル２Ｆ,022-292-5678
たかはし内科,仙台市宮城野区東仙台２丁目５−３,022-257-3227
田子中央クリニック,仙台市宮城野区田子西２丁目２－２,022-387-9333
田島内科,仙台市宮城野区萩野町１丁目１１−１　萩野町Ｍビル１Ｆ,022-231-7222
田所ハートクリニック,仙台市宮城野区岩切字洞ノ口２２９−５,022-396-0810
丹野皮膚科内科小児科,仙台市宮城野区原町２丁目１−６９,022-297-1158
千葉内科,仙台市宮城野区栄２丁目２５−７,022-258-8776
中央クリニック,仙台市宮城野区榴岡２丁目１−６,022-297-6211
榴岡わたなべクリニック,仙台市宮城野区榴岡３丁目１１－１８　プレノ榴岡１Ｆ,022-298-6201
鶴ヶ谷クリニック,仙台市宮城野区鶴ヶ谷字舘下３５番地１,022-355-6121
てっぽう町かず内科,仙台市宮城野区鉄砲町東３番地の１６,022-355-4183
EPILEPSY CLINIC 仙台駅前 ベーテル,仙台市宮城野区名掛丁２０５－５　コンフォートホテル仙台東口１Ｆ,022-355-2525
東北医科薬科大学病院,仙台市宮城野区福室１丁目１２−１,022-259-1221
とざわクリニック,仙台市宮城野区東仙台４丁目７−１,022-298-6770
内科萱場クリニック,仙台市宮城野区小田原１-５-３２,022-256-5101
中嶋病院,仙台市宮城野区大梶１５－２７,022-291-5191
なかむら脳神経外科,仙台市宮城野区新田東１丁目８－１　新田東メディカルビル１Ｆ,022-232-0770
永井小児科,仙台市宮城野区宮城野１丁目２５−１０,022-256-3466
野口胃腸内科,仙台市宮城野区幸町１丁目１７−３２,022-234-7305
のむら内科心療内科クリニック,仙台市宮城野区岩切１丁目２６−２７,022-396-8755
のろこどもクリニック,仙台市宮城野区新田東１丁目８−１　新田東メディカルビル２Ｆ,022-788-3830
原町ささき内科,仙台市宮城野区原町１丁目３－５０,022-355-8880
光が丘内科クリニック,仙台市宮城野区幸町５丁目４－１　２０３,022-766-8511
ひかりクリニック,仙台市宮城野区鶴ヶ谷字京原７,022-781-9948
東仙台クリニック,仙台市宮城野区東仙台１丁目７−１,022-792-8661
東仙台リウマチ科内科クリニック,仙台市宮城野区新田東１丁目１７−５,022-237-5311
福井医院,仙台市宮城野区東宮城野４−２,022-236-8831
福住クリニック,仙台市宮城野区福住町４−１６,022-387-2322
福室クリニック,仙台市宮城野区福室５丁目１３−１５,022-259-5856
星内科小児科医院,仙台市宮城野区幸町２丁目２０−１３,022-256-1973
まひと内科クリニック,仙台市宮城野区高砂１丁目２４−３９,022-388-8228
まんてん堂,仙台市宮城野区新田東３丁目２−７,022-782-6260
みなとクリニック,仙台市宮城野区中野５丁目１番地の1,022-388-7617
みはるの杜診療所,仙台市宮城野区福室２丁目５−２７,022-254-7201
宮城県済生会こどもクリニック,仙台市宮城野区東仙台６丁目１−１,022-293-1281
みやぎの内科クリニック,仙台市宮城野区宮城野１丁目２１−７,022-292-7801
宮千代加藤内科医院,仙台市宮城野区宮千代１丁目２−９,022-235-8876
宮千代内科クリニック,仙台市宮城野区宮千代２丁目１９−７,022-797-3777
宮林こどもクリニック,仙台市宮城野区岩切今市東１８−２,022-255-2555
森川小児科アレルギー科,仙台市宮城野区小田原弓ノ町１００番地の１　２Ｆ,022-256-6211
やまだ内科胃腸科,仙台市宮城野区新田東１丁目８−１　新田東メディカルビル２Ｆ,022-237-8221
湯村医院,仙台市宮城野区岩切字若宮前８２-１,022-255-8011
葵会仙台病院,仙台市若林区荒井東１丁目６－８,022-380-1000
あべこども・アレルギークリニック,仙台市若林区なないろの里１丁目１５－１５,022-349-5486
荒井駅前のぐち内科クリニック,仙台市若林区荒井東１丁目３－１　イーストフォート２階,022-762-7221
あらい内科・胃腸内科クリニック,仙台市若林区荒井１丁目１－３,022-294-6633
あらまち内科クリニック,仙台市若林区荒町１２３　１２３ビル２Ｆ,022-225-0271
石田医院,仙台市若林区連坊小路５３,022-256-1237
いしばし消化器内視鏡クリニック,仙台市若林区木ノ下３丁目１６－２１　薬師堂ATTRA３Ｆ,022-369-3763
五橋駅前クリニック,仙台市若林区清水小路８　マルタマファイブリッジビル２F,022-796-3120
猪岡内科,仙台市若林区木ノ下１丁目２５−３１,022-295-3751
ＥＭＧ卸町クリニック,仙台市若林区中倉３丁目９－１０,022-778-0258
氏家クリニック,仙台市若林区一本杉町１４−１９,022-284-7551
Ｍ＆Ｔ在宅クリニック,仙台市若林区舟丁３番地,022-397-9297
大はしこどもクリニック,仙台市若林区沖野３丁目１２−３３,022-294-0084
沖野内科医院,仙台市若林区沖野６丁目２６-３０,022-285-8266
おきのメディカルクリニック,仙台市若林区沖野５丁目７－６,022-352-3126
おざわ女性総合クリニック,仙台市若林区荒町１９２,022-222-9716
おろしまちクリニック,仙台市若林区卸町３丁目１－２　卸町コミュニティプラザ２階,022-353-5725
角田記念まつだクリニック内科・消化器内科,仙台市若林区六丁の目中町１－１７,022-287-8611
門脇神経科内科クリニック,仙台市若林区三百人町１００,022-711-3288
かやば小児科医院,仙台市若林区中倉１丁目１１−３,022-237-0081
河原町病院,仙台市若林区南小泉字八軒小路４,022-222-8657
かんのキッズクリニック,仙台市若林区大和町２丁目６−３,022-762-5684
黒沢医院,仙台市若林区連坊１丁目１−４３,022-256-3769
こうのすクリニック,仙台市若林区河原町１丁目５−２６,022-796-5662
五十人町おおとも内科,仙台市若林区五十人町３５,022-286-8541
さくらい循環器・内科クリニック,仙台市若林区河原町１丁目１番５号　リライアンス河原町 2Ｆ,022-217-6757
さくら外科整形外科クリニック,仙台市若林区上飯田４丁目９−１８,022-289-2825
佐藤内科クリニック,仙台市若林区蒲町２７−２１,022-781-2521
七郷クリニック,仙台市若林区荒井３丁目２５－４,022-287-1475
清水内科外科医院,仙台市若林区若林５丁目４－５０,022-286-1586
しんてらこどもクリニック,仙台市若林区新寺１丁目８−１　コープエステート新寺ビル２Ｆ,022-298-6188
新寺内科,仙台市若林区新寺１丁目８－１　コープエステートビル２階,022-355-9623
ＧＩスズキクリニック,仙台市若林区新寺２丁目２−１１　新寺２１１ビル４Ｆ,022-293-0211
スガワラクリニック,仙台市若林区中倉１丁目１−５,022-284-1831
杉山内科消化器科,仙台市若林区中倉２丁目１−２０,022-239-5611
仙台産業医科診療所,仙台市若林区六丁の目西町１−４３,022-288-7701
仙台在宅支援たいようクリニック,仙台市若林区蒲町３０番３号,022-355-2533
仙台市急患センター,仙台市若林区舟丁６４−１２,022-266-6561
仙台中央病院,仙台市若林区新寺３丁目１３−６,022-297-0208
たかやなぎこども医院,仙台市若林区上飯田１丁目２１−１８,022-286-8811
高柳内科医院,仙台市若林区堰場１番地,022-222-4784
東部内科医院,仙台市若林区六丁の目中町１−５７,022-287-6333
東北医科薬科大学　若林病院,仙台市若林区大和町２丁目２９−１,022-236-5911
特別養護老人ホームチアフル遠見塚,仙台市若林区遠見塚１丁目１４−３０,022-286-2591
長島内科医院,仙台市若林区一本杉町１８−１１,022-235-8331
ながぬま内科クリニック,仙台市若林区沖野７丁目４３−２９,022-781-2551
なないろの里クリニック,仙台市若林区なないろの里１丁目１９－４　メデルなないろの里１階,022-352-7022
はなクリニック,仙台市若林区荒井２丁目１８－１１,022-288-8777
はやし内科クリニック,仙台市若林区大和町２丁目６−３　大和町メディカルセンター２Ｆ,022-762-5686
はんざわ内科胃腸科,仙台市若林区南石切町１４−１０,022-726-5381
堀田 修 クリニック,仙台市若林区六丁の目南町２−３９,022-390-6033
松永女性クリニック,仙台市若林区河原町１丁目３−１７,022-722-3288
佐藤内科クリニック,仙台市若林区蒲町２７−２１,022-781-2521
七郷クリニック,仙台市若林区荒井３丁目２５－４,022-287-1475
清水内科外科医院,仙台市若林区若林５丁目４－５０,022-286-1586
しんてらこどもクリニック,仙台市若林区新寺１丁目８−１　コープエステート新寺ビル２Ｆ,022-298-6188
新寺内科,仙台市若林区新寺１丁目８－１　コープエステートビル２階,022-355-9623
ＧＩスズキクリニック,仙台市若林区新寺２丁目２−１１　新寺２１１ビル４Ｆ,022-293-0211
スガワラクリニック,仙台市若林区中倉１丁目１−５,022-284-1831
杉山内科消化器科,仙台市若林区中倉２丁目１−２０,022-239-5611
仙台産業医科診療所,仙台市若林区六丁の目西町１−４３,022-288-7701
仙台在宅支援たいようクリニック,仙台市若林区蒲町３０番３号,022-355-2533
仙台市急患センター,仙台市若林区舟丁６４−１２,022-266-6561
仙台中央病院,仙台市若林区新寺３丁目１３−６,022-297-0208
たかやなぎこども医院,仙台市若林区上飯田１丁目２１−１８,022-286-8811
高柳内科医院,仙台市若林区堰場１番地,022-222-4784
東部内科医院,仙台市若林区六丁の目中町１−５７,022-287-6333
東北医科薬科大学　若林病院,仙台市若林区大和町２丁目２９−１,022-236-5911
特別養護老人ホームチアフル遠見塚,仙台市若林区遠見塚１丁目１４−３０,022-286-2591
長島内科医院,仙台市若林区一本杉町１８−１１,022-235-8331
ながぬま内科クリニック,仙台市若林区沖野７丁目４３−２９,022-781-2551
なないろの里クリニック,仙台市若林区なないろの里１丁目１９－４　メデルなないろの里１階,022-352-7022
はなクリニック,仙台市若林区荒井２丁目１８－１１,022-288-8777
はやし内科クリニック,仙台市若林区大和町２丁目６−３　大和町メディカルセンター２Ｆ,022-762-5686
はんざわ内科胃腸科,仙台市若林区南石切町１４−１０,022-726-5381
堀田 修 クリニック,仙台市若林区六丁の目南町２−３９,022-390-6033
松永女性クリニック,仙台市若林区河原町１丁目３−１７,022-722-3288
佐藤内科クリニック,仙台市若林区蒲町２７−２１,022-781-2521
七郷クリニック,仙台市若林区荒井３丁目２５－４,022-287-1475
清水内科外科医院,仙台市若林区若林５丁目４－５０,022-286-1586
しんてらこどもクリニック,仙台市若林区新寺１丁目８−１　コープエステート新寺ビル２Ｆ,022-298-6188
新寺内科,仙台市若林区新寺１丁目８－１　コープエステートビル２階,022-355-9623
ＧＩスズキクリニック,仙台市若林区新寺２丁目２−１１　新寺２１１ビル４Ｆ,022-293-0211
スガワラクリニック,仙台市若林区中倉１丁目１−５,022-284-1831
杉山内科消化器科,仙台市若林区中倉２丁目１−２０,022-239-5611
仙台産業医科診療所,仙台市若林区六丁の目西町１−４３,022-288-7701
仙台在宅支援たいようクリニック,仙台市若林区蒲町３０番３号,022-355-2533
仙台市急患センター,仙台市若林区舟丁６４−１２,022-266-6561
仙台中央病院,仙台市若林区新寺３丁目１３−６,022-297-0208
たかやなぎこども医院,仙台市若林区上飯田１丁目２１−１８,022-286-8811
高柳内科医院,仙台市若林区堰場１番地,022-222-4784
東部内科医院,仙台市若林区六丁の目中町１−５７,022-287-6333
東北医科薬科大学　若林病院,仙台市若林区大和町２丁目２９−１,022-236-5911
特別養護老人ホームチアフル遠見塚,仙台市若林区遠見塚１丁目１４−３０,022-286-2591
長島内科医院,仙台市若林区一本杉町１８−１１,022-235-8331
ながぬま内科クリニック,仙台市若林区沖野７丁目４３−２９,022-781-2551
なないろの里クリニック,仙台市若林区なないろの里１丁目１９－４　メデルなないろの里１階,022-352-7022
はなクリニック,仙台市若林区荒井２丁目１８－１１,022-288-8777
はやし内科クリニック,仙台市若林区大和町２丁目６−３　大和町メディカルセンター２Ｆ,022-762-5686
はんざわ内科胃腸科,仙台市若林区南石切町１４−１０,022-726-5381
堀田 修 クリニック,仙台市若林区六丁の目南町２−３９,022-390-6033
松永女性クリニック,仙台市若林区河原町１丁目３−１７,022-722-3288
みやぎ健診プラザ,仙台市若林区卸町１丁目６−９,022-231-3655
杜の里内科クリニック,仙台市若林区荒井東２丁目１２－７,022-762-8281
やべ内科クリニック,仙台市若林区沖野４丁目３−２０,022-285-3151
やまだクリニック,仙台市若林区南小泉２丁目１４－１７,022-352-3655
やまと内科クリニック,仙台市若林区なないろの里１丁目１５－１１,022-766-8521
やまもと内科クリニック,仙台市若林区古城３丁目６−１１,022-781-0766
結城クリニック,仙台市若林区上飯田字天神１０８−４,022-289-3322
ラポール,仙台市若林区堰場１２－５　ソレアード舟丁1F,022-217-0855
六丁の目　胃と腸クリニック,仙台市若林区六丁の目南町８−１０　レジデンス大一,022-288-9006
若林クリニック,仙台市若林区下飯田字遠谷地１７４,022-289-8588
あおぞら在宅診療所　仙台南,仙台市太白区長町７丁目１９−３９　ＣＯＭビル３０１,022-797-8807
青沼内科医院,仙台市太白区郡山３丁目２２−６,022-248-6630
浅沼整形外科,仙台市太白区長町４丁目７−１２,022-247-7533
あすと長町えだクリニック,仙台市太白区あすと長町３丁目３−３３,022-308-1555
あすとながまち心身クリニック,仙台市太白区あすと長町１丁目２－１　仙台長町メディカルプラザ2Ｆ,022-398-4892
あすと長町みんなのクリニック,仙台市太白区あすと長町１丁目３－１　ＳＨＩＰ仙台2Ｆ,022-796-8020
あんどうクリニック,仙台市太白区四郎丸字吹上２８−３８,022-741-7555
今井クリニック,仙台市太白区太白１丁目７−１,022-244-5331
うちだクリニック,仙台市太白区長町１丁目６−３,022-748-0567
生出診療所,仙台市太白区茂庭字新熊野６４,022-281-2250
往診クリニック　ビーナス,仙台市太白区袋原３丁目１－３１,022-302-6772
大岡内科医院,仙台市太白区八木山緑町８−３３,022-229-0201
大波医院,仙台市太白区大塒町６−１,022-247-7212
おおのだ田中クリニック,仙台市太白区大野田４丁目１８－１,022-398-7235
尾形小児科クリニック,仙台市太白区袋原字台３１−１,022-242-6881
かさい内科,仙台市太白区富沢南１丁目２５−１,022-746-5885
かさはらＬクリニック,仙台市太白区郡山１丁目１５－５,022-304-2555
かねこクリニック,仙台市太白区西の平１丁目２５−２７,022-307-5666
菊地内科クリニック,仙台市太白区東中田１丁目１８−３０,022-306-1010
興野内科,仙台市太白区松が丘８−１０,022-229-6868
きんぱらクリニック,仙台市太白区西中田３丁目６−４６,022-306-1166
くすの木内科クリニック,仙台市太白区中田３丁目８－３７,022-397-6116
くまがいクリニック内科・消化器科,仙台市太白区西多賀１丁目１９−１５,022-243-7050
クリニックソアーズ,仙台市太白区西中田２丁目１９−１,022-306-3515
広南休日診療所,仙台市太白区長町５丁目９－１３,022-248-5858
河野医院,仙台市太白区旗立２丁目４−１８,022-307-0271
小林内科医院,仙台市太白区鹿野２丁目４−１５,022-248-3063
今野医院,仙台市太白区鈎取１丁目６−１７,022-245-0660
さとう小児科,仙台市太白区鈎取本町１丁目５−５,022-245-8434
さとう腎臓内科ひ尿器科,仙台市太白区長町２丁目９－３１,022-302-6672
佐藤内科外科クリニック,仙台市太白区柳生４丁目１４−３,022-741-5631
サポートはぎ診療所,仙台市太白区大野田５丁目２３－３,022-746-6881
宍戸クリニック,仙台市太白区柳生７丁目２−９,022-242-7060
しろうまる浅田クリニック,仙台市太白区四郎丸神明２９－１０,022-395-5161
ＪＣＨＯ仙台南病院,仙台市太白区中田町字前沖１４３,
菅原医院,仙台市太白区秋保町長袋字大原３１−１,022-399-2153
すがわら小児科,仙台市太白区あすと長町１丁目２−１　仙台長町メディカルプラザ２階,022-797-7607
鈴木研一内科クリニック,仙台市太白区長町３丁目３−６,022-304-5660
すずき整形外科・小児科内科,仙台市太白区長町南３丁目３５－１,022-248-1665
仙台今村クリニック,仙台市太白区長町５丁目３−１　たいはっくる２階,022-249-7611
仙台クリニック,仙台市太白区秋保町湯元字木戸保１−１,022-398-2201
仙台クローバークリニック,仙台市太白区あすと長町１丁目２－１　長町メディカルプラザ３階,022-797-5164
仙台市夜間休日こども急病診療所,仙台市太白区あすと長町１丁目１－１　仙台市立病院１階,022-247-7035
仙台市立病院,仙台市太白区あすと長町１丁目１－１,022-308-7111
仙台赤十字病院,仙台市太白区八木山本町２丁目４３−３,022-243-1111
仙台富沢病院,仙台市太白区富沢字寺城１１−４,022-307-3375
仙台西多賀病院,仙台市太白区鈎取本町２−１１−１１,022-245-2111
仙台柳生クリニック,仙台市太白区柳生７丁目１６−１,022-241-6651
太白ありのまま舎医務室,仙台市太白区茂庭台２丁目１５−３０,022-281-1200
太白クリニック,仙台市太白区富沢字鍛冶屋敷前２３,022-226-8339
舘下診療所,仙台市太白区長町５丁目２−１６　１０１,022-748-0173
ちばクリニック,仙台市太白区緑ケ丘１丁目３−１９,022-248-5778
富沢ホームケアクリニック,仙台市太白区大野田４丁目１８－２,022-796-1720
富沢南とだクリニック,仙台市太白区富沢南１丁目１４−３,022-243-7288
内科星クリニック,仙台市太白区袋原６丁目１０−３１,022-241-3366
ないとうクリニック,仙台市太白区茂庭台３丁目３０－３０,022-281-5490
中田公園前クリニック,仙台市太白区東中田４丁目５−５,022-241-5555
中田内科胃腸科医院,仙台市太白区中田４丁目１６−３,022-306-1511
長町病院,仙台市太白区長町３丁目７−２６,022-746-5161
長町南クリニック,仙台市太白区長町南２丁目６－５,022-796-8763
なるみ赤ちゃんこどもクリニック,仙台市太白区長町南３－９－２８　バリーハイツ２Ｆ,022-746-8452
新井川内科,仙台市太白区泉崎１丁目２９−１５,022-243-4141
西多賀やまだ内科,仙台市太白区西多賀３丁目５－１８,022-796-5090
西中田中央内科小児科,仙台市太白区西中田５丁目１２−１２,022-241-1131
花だて内科循環器科,仙台市太白区大野田５丁目３８－３,022-797-3466
仙台クリニック,仙台市太白区秋保町湯元字木戸保１−１,022-398-2201
仙台クローバークリニック,仙台市太白区あすと長町１丁目２－１　長町メディカルプラザ３階,022-797-5164
仙台市夜間休日こども急病診療所,仙台市太白区あすと長町１丁目１－１　仙台市立病院１階,022-247-7035
仙台市立病院,仙台市太白区あすと長町１丁目１－１,022-308-7111
仙台赤十字病院,仙台市太白区八木山本町２丁目４３−３,022-243-1111
仙台富沢病院,仙台市太白区富沢字寺城１１−４,022-307-3375
仙台西多賀病院,仙台市太白区鈎取本町２−１１−１１,022-245-2111
仙台柳生クリニック,仙台市太白区柳生７丁目１６−１,022-241-6651
太白ありのまま舎医務室,仙台市太白区茂庭台２丁目１５−３０,022-281-1200
太白クリニック,仙台市太白区富沢字鍛冶屋敷前２３,022-226-8339
舘下診療所,仙台市太白区長町５丁目２−１６　１０１,022-748-0173
ちばクリニック,仙台市太白区緑ケ丘１丁目３−１９,022-248-5778
富沢ホームケアクリニック,仙台市太白区大野田４丁目１８－２,022-796-1720
富沢南とだクリニック,仙台市太白区富沢南１丁目１４−３,022-243-7288
内科星クリニック,仙台市太白区袋原６丁目１０−３１,022-241-3366
ないとうクリニック,仙台市太白区茂庭台３丁目３０－３０,022-281-5490
中田公園前クリニック,仙台市太白区東中田４丁目５−５,022-241-5555
中田内科胃腸科医院,仙台市太白区中田４丁目１６−３,022-306-1511
長町病院,仙台市太白区長町３丁目７−２６,022-746-5161
長町南クリニック,仙台市太白区長町南２丁目６－５,022-796-8763
なるみ赤ちゃんこどもクリニック,仙台市太白区長町南３－９－２８　バリーハイツ２Ｆ,022-746-8452
新井川内科,仙台市太白区泉崎１丁目２９−１５,022-243-4141
西多賀やまだ内科,仙台市太白区西多賀３丁目５－１８,022-796-5090
西中田中央内科小児科,仙台市太白区西中田５丁目１２−１２,022-241-1131
花だて内科循環器科,仙台市太白区大野田５丁目３８－３,022-797-3466
仙台クリニック,仙台市太白区秋保町湯元字木戸保１−１,022-398-2201
仙台クローバークリニック,仙台市太白区あすと長町１丁目２－１　長町メディカルプラザ３階,022-797-5164
仙台市夜間休日こども急病診療所,仙台市太白区あすと長町１丁目１－１　仙台市立病院１階,022-247-7035
仙台市立病院,仙台市太白区あすと長町１丁目１－１,022-308-7111
仙台赤十字病院,仙台市太白区八木山本町２丁目４３−３,022-243-1111
仙台富沢病院,仙台市太白区富沢字寺城１１−４,022-307-3375
仙台西多賀病院,仙台市太白区鈎取本町２−１１−１１,022-245-2111
仙台柳生クリニック,仙台市太白区柳生７丁目１６−１,022-241-6651
太白ありのまま舎医務室,仙台市太白区茂庭台２丁目１５−３０,022-281-1200
太白クリニック,仙台市太白区富沢字鍛冶屋敷前２３,022-226-8339
舘下診療所,仙台市太白区長町５丁目２−１６　１０１,022-748-0173
ちばクリニック,仙台市太白区緑ケ丘１丁目３−１９,022-248-5778
富沢ホームケアクリニック,仙台市太白区大野田４丁目１８－２,022-796-1720
富沢南とだクリニック,仙台市太白区富沢南１丁目１４−３,022-243-7288
内科星クリニック,仙台市太白区袋原６丁目１０−３１,022-241-3366
ないとうクリニック,仙台市太白区茂庭台３丁目３０－３０,022-281-5490
中田公園前クリニック,仙台市太白区東中田４丁目５−５,022-241-5555
中田内科胃腸科医院,仙台市太白区中田４丁目１６−３,022-306-1511
長町病院,仙台市太白区長町３丁目７−２６,022-746-5161
長町南クリニック,仙台市太白区長町南２丁目６－５,022-796-8763
なるみ赤ちゃんこどもクリニック,仙台市太白区長町南３－９－２８　バリーハイツ２Ｆ,022-746-8452
新井川内科,仙台市太白区泉崎１丁目２９−１５,022-243-4141
西多賀やまだ内科,仙台市太白区西多賀３丁目５－１８,022-796-5090
西中田中央内科小児科,仙台市太白区西中田５丁目１２−１２,022-241-1131
花だて内科循環器科,仙台市太白区大野田５丁目３８－３,022-797-3466
仙台クリニック,仙台市太白区秋保町湯元字木戸保１−１,022-398-2201
仙台クローバークリニック,仙台市太白区あすと長町１丁目２－１　長町メディカルプラザ３階,022-797-5164
仙台市夜間休日こども急病診療所,仙台市太白区あすと長町１丁目１－１　仙台市立病院１階,022-247-7035
仙台市立病院,仙台市太白区あすと長町１丁目１－１,022-308-7111
仙台赤十字病院,仙台市太白区八木山本町２丁目４３−３,022-243-1111
仙台富沢病院,仙台市太白区富沢字寺城１１−４,022-307-3375
仙台西多賀病院,仙台市太白区鈎取本町２−１１−１１,022-245-2111
仙台柳生クリニック,仙台市太白区柳生７丁目１６−１,022-241-6651
太白ありのまま舎医務室,仙台市太白区茂庭台２丁目１５−３０,022-281-1200
太白クリニック,仙台市太白区富沢字鍛冶屋敷前２３,022-226-8339
舘下診療所,仙台市太白区長町５丁目２−１６　１０１,022-748-0173
ちばクリニック,仙台市太白区緑ケ丘１丁目３−１９,022-248-5778
富沢ホームケアクリニック,仙台市太白区大野田４丁目１８－２,022-796-1720
富沢南とだクリニック,仙台市太白区富沢南１丁目１４−３,022-243-7288
内科星クリニック,仙台市太白区袋原６丁目１０−３１,022-241-3366
ないとうクリニック,仙台市太白区茂庭台３丁目３０－３０,022-281-5490
中田公園前クリニック,仙台市太白区東中田４丁目５−５,022-241-5555
中田内科胃腸科医院,仙台市太白区中田４丁目１６−３,022-306-1511
長町病院,仙台市太白区長町３丁目７−２６,022-746-5161
長町南クリニック,仙台市太白区長町南２丁目６－５,022-796-8763
なるみ赤ちゃんこどもクリニック,仙台市太白区長町南３－９－２８　バリーハイツ２Ｆ,022-746-8452
新井川内科,仙台市太白区泉崎１丁目２９−１５,022-243-4141
西多賀やまだ内科,仙台市太白区西多賀３丁目５－１８,022-796-5090
西中田中央内科小児科,仙台市太白区西中田５丁目１２−１２,022-241-1131
花だて内科循環器科,仙台市太白区大野田５丁目３８－３,022-797-3466
仙台クリニック,仙台市太白区秋保町湯元字木戸保１−１,022-398-2201
仙台クローバークリニック,仙台市太白区あすと長町１丁目２－１　長町メディカルプラザ３階,022-797-5164
仙台市夜間休日こども急病診療所,仙台市太白区あすと長町１丁目１－１　仙台市立病院１階,022-247-7035
仙台市立病院,仙台市太白区あすと長町１丁目１－１,022-308-7111
仙台赤十字病院,仙台市太白区八木山本町２丁目４３−３,022-243-1111
仙台富沢病院,仙台市太白区富沢字寺城１１−４,022-307-3375
仙台西多賀病院,仙台市太白区鈎取本町２−１１−１１,022-245-2111
仙台柳生クリニック,仙台市太白区柳生７丁目１６−１,022-241-6651
太白ありのまま舎医務室,仙台市太白区茂庭台２丁目１５−３０,022-281-1200
太白クリニック,仙台市太白区富沢字鍛冶屋敷前２３,022-226-8339
舘下診療所,仙台市太白区長町５丁目２−１６　１０１,022-748-0173
ちばクリニック,仙台市太白区緑ケ丘１丁目３−１９,022-248-5778
富沢ホームケアクリニック,仙台市太白区大野田４丁目１８－２,022-796-1720
富沢南とだクリニック,仙台市太白区富沢南１丁目１４−３,022-243-7288
内科星クリニック,仙台市太白区袋原６丁目１０−３１,022-241-3366
ないとうクリニック,仙台市太白区茂庭台３丁目３０－３０,022-281-5490
中田公園前クリニック,仙台市太白区東中田４丁目５−５,022-241-5555
中田内科胃腸科医院,仙台市太白区中田４丁目１６−３,022-306-1511
長町病院,仙台市太白区長町３丁目７−２６,022-746-5161
長町南クリニック,仙台市太白区長町南２丁目６－５,022-796-8763
なるみ赤ちゃんこどもクリニック,仙台市太白区長町南３－９－２８　バリーハイツ２Ｆ,022-746-8452
新井川内科,仙台市太白区泉崎１丁目２９−１５,022-243-4141
西多賀やまだ内科,仙台市太白区西多賀３丁目５－１８,022-796-5090
西中田中央内科小児科,仙台市太白区西中田５丁目１２−１２,022-241-1131
花だて内科循環器科,仙台市太白区大野田５丁目３８－３,022-797-3466
仙台クリニック,仙台市太白区秋保町湯元字木戸保１−１,022-398-2201
仙台クローバークリニック,仙台市太白区あすと長町１丁目２－１　長町メディカルプラザ３階,022-797-5164
仙台市夜間休日こども急病診療所,仙台市太白区あすと長町１丁目１－１　仙台市立病院１階,022-247-7035
仙台市立病院,仙台市太白区あすと長町１丁目１－１,022-308-7111
仙台赤十字病院,仙台市太白区八木山本町２丁目４３−３,022-243-1111
仙台富沢病院,仙台市太白区富沢字寺城１１−４,022-307-3375
仙台西多賀病院,仙台市太白区鈎取本町２−１１−１１,022-245-2111
仙台柳生クリニック,仙台市太白区柳生７丁目１６−１,022-241-6651
太白ありのまま舎医務室,仙台市太白区茂庭台２丁目１５−３０,022-281-1200
太白クリニック,仙台市太白区富沢字鍛冶屋敷前２３,022-226-8339
舘下診療所,仙台市太白区長町５丁目２−１６　１０１,022-748-0173
ちばクリニック,仙台市太白区緑ケ丘１丁目３−１９,022-248-5778
富沢ホームケアクリニック,仙台市太白区大野田４丁目１８－２,022-796-1720
富沢南とだクリニック,仙台市太白区富沢南１丁目１４−３,022-243-7288
内科星クリニック,仙台市太白区袋原６丁目１０−３１,022-241-3366
ないとうクリニック,仙台市太白区茂庭台３丁目３０－３０,022-281-5490
中田公園前クリニック,仙台市太白区東中田４丁目５−５,022-241-5555
中田内科胃腸科医院,仙台市太白区中田４丁目１６−３,022-306-1511
長町病院,仙台市太白区長町３丁目７−２６,022-746-5161
長町南クリニック,仙台市太白区長町南２丁目６－５,022-796-8763
なるみ赤ちゃんこどもクリニック,仙台市太白区長町南３－９－２８　バリーハイツ２Ｆ,022-746-8452
新井川内科,仙台市太白区泉崎１丁目２９−１５,022-243-4141
西多賀やまだ内科,仙台市太白区西多賀３丁目５－１８,022-796-5090
西中田中央内科小児科,仙台市太白区西中田５丁目１２−１２,022-241-1131
花だて内科循環器科,仙台市太白区大野田５丁目３８－３,022-797-3466
仙台クリニック,仙台市太白区秋保町湯元字木戸保１−１,022-398-2201
仙台クローバークリニック,仙台市太白区あすと長町１丁目２－１　長町メディカルプラザ３階,022-797-5164
仙台市夜間休日こども急病診療所,仙台市太白区あすと長町１丁目１－１　仙台市立病院１階,022-247-7035
仙台市立病院,仙台市太白区あすと長町１丁目１－１,022-308-7111
仙台赤十字病院,仙台市太白区八木山本町２丁目４３−３,022-243-1111
仙台富沢病院,仙台市太白区富沢字寺城１１−４,022-307-3375
仙台西多賀病院,仙台市太白区鈎取本町２−１１−１１,022-245-2111
仙台柳生クリニック,仙台市太白区柳生７丁目１６−１,022-241-6651
太白ありのまま舎医務室,仙台市太白区茂庭台２丁目１５−３０,022-281-1200
太白クリニック,仙台市太白区富沢字鍛冶屋敷前２３,022-226-8339
舘下診療所,仙台市太白区長町５丁目２−１６　１０１,022-748-0173
ちばクリニック,仙台市太白区緑ケ丘１丁目３−１９,022-248-5778
富沢ホームケアクリニック,仙台市太白区大野田４丁目１８－２,022-796-1720
富沢南とだクリニック,仙台市太白区富沢南１丁目１４−３,022-243-7288
内科星クリニック,仙台市太白区袋原６丁目１０−３１,022-241-3366
ないとうクリニック,仙台市太白区茂庭台３丁目３０－３０,022-281-5490
中田公園前クリニック,仙台市太白区東中田４丁目５−５,022-241-5555
中田内科胃腸科医院,仙台市太白区中田４丁目１６−３,022-306-1511
長町病院,仙台市太白区長町３丁目７−２６,022-746-5161
長町南クリニック,仙台市太白区長町南２丁目６－５,022-796-8763
なるみ赤ちゃんこどもクリニック,仙台市太白区長町南３－９－２８　バリーハイツ２Ｆ,022-746-8452
新井川内科,仙台市太白区泉崎１丁目２９−１５,022-243-4141
西多賀やまだ内科,仙台市太白区西多賀３丁目５－１８,022-796-5090
西中田中央内科小児科,仙台市太白区西中田５丁目１２−１２,022-241-1131
花だて内科循環器科,仙台市太白区大野田５丁目３８－３,022-797-3466
仙台クリニック,仙台市太白区秋保町湯元字木戸保１−１,022-398-2201
仙台クローバークリニック,仙台市太白区あすと長町１丁目２－１　長町メディカルプラザ３階,022-797-5164
仙台市夜間休日こども急病診療所,仙台市太白区あすと長町１丁目１－１　仙台市立病院１階,022-247-7035
仙台市立病院,仙台市太白区あすと長町１丁目１－１,022-308-7111
仙台赤十字病院,仙台市太白区八木山本町２丁目４３−３,022-243-1111
仙台富沢病院,仙台市太白区富沢字寺城１１−４,022-307-3375
仙台西多賀病院,仙台市太白区鈎取本町２−１１−１１,022-245-2111
仙台柳生クリニック,仙台市太白区柳生７丁目１６−１,022-241-6651
太白ありのまま舎医務室,仙台市太白区茂庭台２丁目１５−３０,022-281-1200
太白クリニック,仙台市太白区富沢字鍛冶屋敷前２３,022-226-8339
舘下診療所,仙台市太白区長町５丁目２−１６　１０１,022-748-0173
ちばクリニック,仙台市太白区緑ケ丘１丁目３−１９,022-248-5778
富沢ホームケアクリニック,仙台市太白区大野田４丁目１８－２,022-796-1720
富沢南とだクリニック,仙台市太白区富沢南１丁目１４−３,022-243-7288
内科星クリニック,仙台市太白区袋原６丁目１０−３１,022-241-3366
ないとうクリニック,仙台市太白区茂庭台３丁目３０－３０,022-281-5490
中田公園前クリニック,仙台市太白区東中田４丁目５−５,022-241-5555
中田内科胃腸科医院,仙台市太白区中田４丁目１６−３,022-306-1511
長町病院,仙台市太白区長町３丁目７−２６,022-746-5161
長町南クリニック,仙台市太白区長町南２丁目６－５,022-796-8763
なるみ赤ちゃんこどもクリニック,仙台市太白区長町南３－９－２８　バリーハイツ２Ｆ,022-746-8452
新井川内科,仙台市太白区泉崎１丁目２９−１５,022-243-4141
西多賀やまだ内科,仙台市太白区西多賀３丁目５－１８,022-796-5090
西中田中央内科小児科,仙台市太白区西中田５丁目１２−１２,022-241-1131
花だて内科循環器科,仙台市太白区大野田５丁目３８－３,022-797-3466
仙台クリニック,仙台市太白区秋保町湯元字木戸保１−１,022-398-2201
仙台クローバークリニック,仙台市太白区あすと長町１丁目２－１　長町メディカルプラザ３階,022-797-5164
仙台市夜間休日こども急病診療所,仙台市太白区あすと長町１丁目１－１　仙台市立病院１階,022-247-7035
仙台市立病院,仙台市太白区あすと長町１丁目１－１,022-308-7111
仙台赤十字病院,仙台市太白区八木山本町２丁目４３−３,022-243-1111
仙台富沢病院,仙台市太白区富沢字寺城１１−４,022-307-3375
仙台西多賀病院,仙台市太白区鈎取本町２−１１−１１,022-245-2111
仙台柳生クリニック,仙台市太白区柳生７丁目１６−１,022-241-6651
太白ありのまま舎医務室,仙台市太白区茂庭台２丁目１５−３０,022-281-1200
太白クリニック,仙台市太白区富沢字鍛冶屋敷前２３,022-226-8339
舘下診療所,仙台市太白区長町５丁目２−１６　１０１,022-748-0173
ちばクリニック,仙台市太白区緑ケ丘１丁目３−１９,022-248-5778
富沢ホームケアクリニック,仙台市太白区大野田４丁目１８－２,022-796-1720
富沢南とだクリニック,仙台市太白区富沢南１丁目１４−３,022-243-7288
内科星クリニック,仙台市太白区袋原６丁目１０−３１,022-241-3366
ないとうクリニック,仙台市太白区茂庭台３丁目３０－３０,022-281-5490
中田公園前クリニック,仙台市太白区東中田４丁目５−５,022-241-5555
中田内科胃腸科医院,仙台市太白区中田４丁目１６−３,022-306-1511
長町病院,仙台市太白区長町３丁目７−２６,022-746-5161
長町南クリニック,仙台市太白区長町南２丁目６－５,022-796-8763
なるみ赤ちゃんこどもクリニック,仙台市太白区長町南３－９－２８　バリーハイツ２Ｆ,022-746-8452
新井川内科,仙台市太白区泉崎１丁目２９−１５,022-243-4141
西多賀やまだ内科,仙台市太白区西多賀３丁目５－１８,022-796-5090
西中田中央内科小児科,仙台市太白区西中田５丁目１２−１２,022-241-1131
花だて内科循環器科,仙台市太白区大野田５丁目３８－３,022-797-3466
仙台クリニック,仙台市太白区秋保町湯元字木戸保１−１,022-398-2201
仙台クローバークリニック,仙台市太白区あすと長町１丁目２－１　長町メディカルプラザ３階,022-797-5164
仙台市夜間休日こども急病診療所,仙台市太白区あすと長町１丁目１－１　仙台市立病院１階,022-247-7035
仙台市立病院,仙台市太白区あすと長町１丁目１－１,022-308-7111
仙台赤十字病院,仙台市太白区八木山本町２丁目４３−３,022-243-1111
仙台富沢病院,仙台市太白区富沢字寺城１１−４,022-307-3375
仙台西多賀病院,仙台市太白区鈎取本町２−１１−１１,022-245-2111
仙台柳生クリニック,仙台市太白区柳生７丁目１６−１,022-241-6651
太白ありのまま舎医務室,仙台市太白区茂庭台２丁目１５−３０,022-281-1200
太白クリニック,仙台市太白区富沢字鍛冶屋敷前２３,022-226-8339
舘下診療所,仙台市太白区長町５丁目２−１６　１０１,022-748-0173
ちばクリニック,仙台市太白区緑ケ丘１丁目３−１９,022-248-5778
富沢ホームケアクリニック,仙台市太白区大野田４丁目１８－２,022-796-1720
富沢南とだクリニック,仙台市太白区富沢南１丁目１４−３,022-243-7288
内科星クリニック,仙台市太白区袋原６丁目１０−３１,022-241-3366
ないとうクリニック,仙台市太白区茂庭台３丁目３０－３０,022-281-5490
中田公園前クリニック,仙台市太白区東中田４丁目５−５,022-241-5555
中田内科胃腸科医院,仙台市太白区中田４丁目１６−３,022-306-1511
長町病院,仙台市太白区長町３丁目７−２６,022-746-5161
長町南クリニック,仙台市太白区長町南２丁目６－５,022-796-8763
なるみ赤ちゃんこどもクリニック,仙台市太白区長町南３－９－２８　バリーハイツ２Ｆ,022-746-8452
新井川内科,仙台市太白区泉崎１丁目２９−１５,022-243-4141
西多賀やまだ内科,仙台市太白区西多賀３丁目５－１８,022-796-5090
西中田中央内科小児科,仙台市太白区西中田５丁目１２−１２,022-241-1131
花だて内科循環器科,仙台市太白区大野田５丁目３８－３,022-797-3466
仙台クリニック,仙台市太白区秋保町湯元字木戸保１−１,022-398-2201
仙台クローバークリニック,仙台市太白区あすと長町１丁目２－１　長町メディカルプラザ３階,022-797-5164
仙台市夜間休日こども急病診療所,仙台市太白区あすと長町１丁目１－１　仙台市立病院１階,022-247-7035
仙台市立病院,仙台市太白区あすと長町１丁目１－１,022-308-7111
仙台赤十字病院,仙台市太白区八木山本町２丁目４３−３,022-243-1111
仙台富沢病院,仙台市太白区富沢字寺城１１−４,022-307-3375
仙台西多賀病院,仙台市太白区鈎取本町２−１１−１１,022-245-2111
仙台柳生クリニック,仙台市太白区柳生７丁目１６−１,022-241-6651
太白ありのまま舎医務室,仙台市太白区茂庭台２丁目１５−３０,022-281-1200
太白クリニック,仙台市太白区富沢字鍛冶屋敷前２３,022-226-8339
舘下診療所,仙台市太白区長町５丁目２−１６　１０１,022-748-0173
ちばクリニック,仙台市太白区緑ケ丘１丁目３−１９,022-248-5778
富沢ホームケアクリニック,仙台市太白区大野田４丁目１８－２,022-796-1720
富沢南とだクリニック,仙台市太白区富沢南１丁目１４−３,022-243-7288
内科星クリニック,仙台市太白区袋原６丁目１０−３１,022-241-3366
ないとうクリニック,仙台市太白区茂庭台３丁目３０－３０,022-281-5490
中田公園前クリニック,仙台市太白区東中田４丁目５−５,022-241-5555
中田内科胃腸科医院,仙台市太白区中田４丁目１６−３,022-306-1511
長町病院,仙台市太白区長町３丁目７−２６,022-746-5161
長町南クリニック,仙台市太白区長町南２丁目６－５,022-796-8763
なるみ赤ちゃんこどもクリニック,仙台市太白区長町南３－９－２８　バリーハイツ２Ｆ,022-746-8452
新井川内科,仙台市太白区泉崎１丁目２９−１５,022-243-4141
西多賀やまだ内科,仙台市太白区西多賀３丁目５－１８,022-796-5090
西中田中央内科小児科,仙台市太白区西中田５丁目１２−１２,022-241-1131
花だて内科循環器科,仙台市太白区大野田５丁目３８－３,022-797-3466
仙台クリニック,仙台市太白区秋保町湯元字木戸保１−１,022-398-2201
仙台クローバークリニック,仙台市太白区あすと長町１丁目２－１　長町メディカルプラザ３階,022-797-5164
仙台市夜間休日こども急病診療所,仙台市太白区あすと長町１丁目１－１　仙台市立病院１階,022-247-7035
仙台市立病院,仙台市太白区あすと長町１丁目１－１,022-308-7111
仙台赤十字病院,仙台市太白区八木山本町２丁目４３−３,022-243-1111
仙台富沢病院,仙台市太白区富沢字寺城１１−４,022-307-3375
仙台西多賀病院,仙台市太白区鈎取本町２−１１−１１,022-245-2111
仙台柳生クリニック,仙台市太白区柳生７丁目１６−１,022-241-6651
太白ありのまま舎医務室,仙台市太白区茂庭台２丁目１５−３０,022-281-1200
太白クリニック,仙台市太白区富沢字鍛冶屋敷前２３,022-226-8339
舘下診療所,仙台市太白区長町５丁目２−１６　１０１,022-748-0173
ちばクリニック,仙台市太白区緑ケ丘１丁目３−１９,022-248-5778
富沢ホームケアクリニック,仙台市太白区大野田４丁目１８－２,022-796-1720
富沢南とだクリニック,仙台市太白区富沢南１丁目１４−３,022-243-7288
内科星クリニック,仙台市太白区袋原６丁目１０−３１,022-241-3366
ないとうクリニック,仙台市太白区茂庭台３丁目３０－３０,022-281-5490
中田公園前クリニック,仙台市太白区東中田４丁目５−５,022-241-5555
中田内科胃腸科医院,仙台市太白区中田４丁目１６−３,022-306-1511
長町病院,仙台市太白区長町３丁目７−２６,022-746-5161
長町南クリニック,仙台市太白区長町南２丁目６－５,022-796-8763
なるみ赤ちゃんこどもクリニック,仙台市太白区長町南３－９－２８　バリーハイツ２Ｆ,022-746-8452
新井川内科,仙台市太白区泉崎１丁目２９−１５,022-243-4141
西多賀やまだ内科,仙台市太白区西多賀３丁目５－１８,022-796-5090
西中田中央内科小児科,仙台市太白区西中田５丁目１２−１２,022-241-1131
花だて内科循環器科,仙台市太白区大野田５丁目３８－３,022-797-3466
仙台クリニック,仙台市太白区秋保町湯元字木戸保１−１,022-398-2201
仙台クローバークリニック,仙台市太白区あすと長町１丁目２－１　長町メディカルプラザ３階,022-797-5164
仙台市夜間休日こども急病診療所,仙台市太白区あすと長町１丁目１－１　仙台市立病院１階,022-247-7035
仙台市立病院,仙台市太白区あすと長町１丁目１－１,022-308-7111
仙台赤十字病院,仙台市太白区八木山本町２丁目４３−３,022-243-1111
仙台富沢病院,仙台市太白区富沢字寺城１１−４,022-307-3375
仙台西多賀病院,仙台市太白区鈎取本町２−１１−１１,022-245-2111
仙台柳生クリニック,仙台市太白区柳生７丁目１６−１,022-241-6651
太白ありのまま舎医務室,仙台市太白区茂庭台２丁目１５−３０,022-281-1200
太白クリニック,仙台市太白区富沢字鍛冶屋敷前２３,022-226-8339
舘下診療所,仙台市太白区長町５丁目２−１６　１０１,022-748-0173
ちばクリニック,仙台市太白区緑ケ丘１丁目３−１９,022-248-5778
富沢ホームケアクリニック,仙台市太白区大野田４丁目１８－２,022-796-1720
富沢南とだクリニック,仙台市太白区富沢南１丁目１４−３,022-243-7288
内科星クリニック,仙台市太白区袋原６丁目１０−３１,022-241-3366
ないとうクリニック,仙台市太白区茂庭台３丁目３０－３０,022-281-5490
中田公園前クリニック,仙台市太白区東中田４丁目５−５,022-241-5555
中田内科胃腸科医院,仙台市太白区中田４丁目１６−３,022-306-1511
長町病院,仙台市太白区長町３丁目７−２６,022-746-5161
長町南クリニック,仙台市太白区長町南２丁目６－５,022-796-8763
なるみ赤ちゃんこどもクリニック,仙台市太白区長町南３－９－２８　バリーハイツ２Ｆ,022-746-8452
新井川内科,仙台市太白区泉崎１丁目２９−１５,022-243-4141
西多賀やまだ内科,仙台市太白区西多賀３丁目５－１８,022-796-5090
西中田中央内科小児科,仙台市太白区西中田５丁目１２−１２,022-241-1131
花だて内科循環器科,仙台市太白区大野田５丁目３８－３,022-797-3466
仙台クリニック,仙台市太白区秋保町湯元字木戸保１−１,022-398-2201
仙台クローバークリニック,仙台市太白区あすと長町１丁目２－１　長町メディカルプラザ３階,022-797-5164
仙台市夜間休日こども急病診療所,仙台市太白区あすと長町１丁目１－１　仙台市立病院１階,022-247-7035
仙台市立病院,仙台市太白区あすと長町１丁目１－１,022-308-7111
仙台赤十字病院,仙台市太白区八木山本町２丁目４３−３,022-243-1111
仙台富沢病院,仙台市太白区富沢字寺城１１−４,022-307-3375
仙台西多賀病院,仙台市太白区鈎取本町２−１１−１１,022-245-2111
仙台柳生クリニック,仙台市太白区柳生７丁目１６−１,022-241-6651
太白ありのまま舎医務室,仙台市太白区茂庭台２丁目１５−３０,022-281-1200
太白クリニック,仙台市太白区富沢字鍛冶屋敷前２３,022-226-8339
舘下診療所,仙台市太白区長町５丁目２−１６　１０１,022-748-0173
ちばクリニック,仙台市太白区緑ケ丘１丁目３−１９,022-248-5778
富沢ホームケアクリニック,仙台市太白区大野田４丁目１８－２,022-796-1720
富沢南とだクリニック,仙台市太白区富沢南１丁目１４−３,022-243-7288
内科星クリニック,仙台市太白区袋原６丁目１０−３１,022-241-3366
ないとうクリニック,仙台市太白区茂庭台３丁目３０－３０,022-281-5490
中田公園前クリニック,仙台市太白区東中田４丁目５−５,022-241-5555
中田内科胃腸科医院,仙台市太白区中田４丁目１６−３,022-306-1511
長町病院,仙台市太白区長町３丁目７−２６,022-746-5161
長町南クリニック,仙台市太白区長町南２丁目６－５,022-796-8763
なるみ赤ちゃんこどもクリニック,仙台市太白区長町南３－９－２８　バリーハイツ２Ｆ,022-746-8452
新井川内科,仙台市太白区泉崎１丁目２９−１５,022-243-4141
西多賀やまだ内科,仙台市太白区西多賀３丁目５－１８,022-796-5090
西中田中央内科小児科,仙台市太白区西中田５丁目１２−１２,022-241-1131
花だて内科循環器科,仙台市太白区大野田５丁目３８－３,022-797-3466
仙台クリニック,仙台市太白区秋保町湯元字木戸保１−１,022-398-2201
仙台クローバークリニック,仙台市太白区あすと長町１丁目２－１　長町メディカルプラザ３階,022-797-5164
仙台市夜間休日こども急病診療所,仙台市太白区あすと長町１丁目１－１　仙台市立病院１階,022-247-7035
仙台市立病院,仙台市太白区あすと長町１丁目１－１,022-308-7111
仙台赤十字病院,仙台市太白区八木山本町２丁目４３−３,022-243-1111
仙台富沢病院,仙台市太白区富沢字寺城１１−４,022-307-3375
仙台西多賀病院,仙台市太白区鈎取本町２−１１−１１,022-245-2111
仙台柳生クリニック,仙台市太白区柳生７丁目１６−１,022-241-6651
太白ありのまま舎医務室,仙台市太白区茂庭台２丁目１５−３０,022-281-1200
太白クリニック,仙台市太白区富沢字鍛冶屋敷前２３,022-226-8339
舘下診療所,仙台市太白区長町５丁目２−１６　１０１,022-748-0173
ちばクリニック,仙台市太白区緑ケ丘１丁目３−１９,022-248-5778
富沢ホームケアクリニック,仙台市太白区大野田４丁目１８－２,022-796-1720
富沢南とだクリニック,仙台市太白区富沢南１丁目１４−３,022-243-7288
内科星クリニック,仙台市太白区袋原６丁目１０−３１,022-241-3366
ないとうクリニック,仙台市太白区茂庭台３丁目３０－３０,022-281-5490
中田公園前クリニック,仙台市太白区東中田４丁目５−５,022-241-5555
中田内科胃腸科医院,仙台市太白区中田４丁目１６−３,022-306-1511
長町病院,仙台市太白区長町３丁目７−２６,022-746-5161
長町南クリニック,仙台市太白区長町南２丁目６－５,022-796-8763
なるみ赤ちゃんこどもクリニック,仙台市太白区長町南３－９－２８　バリーハイツ２Ｆ,022-746-8452
新井川内科,仙台市太白区泉崎１丁目２９−１５,022-243-4141
西多賀やまだ内科,仙台市太白区西多賀３丁目５－１８,022-796-5090
西中田中央内科小児科,仙台市太白区西中田５丁目１２−１２,022-241-1131
花だて内科循環器科,仙台市太白区大野田５丁目３８－３,022-797-3466
花水こどもクリニック,仙台市太白区泉崎１丁目３２－１５,022-743-2525
ばばクリニック,仙台市太白区中田５丁目７−１６,022-399-8750
平沢内科,仙台市太白区砂押南町１−４７,022-246-3511
袋原内科,仙台市太白区東中田４丁目１４−３,022-242-2883
藤原外科医院,仙台市太白区長町５丁目９−１５,022-248-4588
まきこ内科クリニック,仙台市太白区あすと長町１丁目２－１　仙台長町メディカルプラザ２Ｆ,022-797-2794
松本小児科,仙台市太白区長町４丁目７−２３　エルピノ１Ｆ,022-246-2525
丸山アレルギークリニック,仙台市太白区あすと長町４丁目２−１０,022-304-1191
みうら医院,仙台市太白区東中田２丁目２７−２６,022-241-4161
南大野田こいけクリニック,仙台市太白区南大野田１０−４,022-247-4228
みのりファミリークリニック,仙台市太白区長町５丁目９－１３　１Ｆ,022-226-7264
みやざきクリニック,仙台市太白区長町７丁目２０−５　ララガーデン長町４階,022-738-7103
宮田医院,仙台市太白区四郎丸字吹上７１−４,022-241-4623
めざきクリニック,仙台市太白区八木山本町１丁目１２−１,022-229-1118
本島内科胃腸科クリニック,仙台市太白区西中田７丁目２６−３０,022-306-0620
茂庭台診療所,仙台市太白区茂庭台２丁目１６−１０,022-281-3133
杜都千愛病院,仙台市太白区茂庭字人来田西８－１３,022-281-0033
森元クリニック,仙台市太白区長町南１丁目１−８　Ｋ’ｓビル長町南２Ｆ,022-304-3531
門間医院,仙台市太白区八本松１丁目４−１７,022-246-7151
八木山すずきクリニック,仙台市太白区八木山本町１丁目２１－１７,022-796-8868
八木山内科クリニック,仙台市太白区八木山本町１丁目１３－６,022-724-7501
矢口クリニック,仙台市太白区富沢字鍛冶屋敷３７－１,022-724-7511
柳生吉田こどもクリニック,仙台市太白区柳生字田中８−８,022-306-0133
山田医院,仙台市太白区金剛沢３丁目１４−３３,022-245-5711
山家内科医院,仙台市太白区金剛沢１丁目４−２６,022-245-2841
ユキクリニック,仙台市太白区長町７丁目１９−２６,022-304-5222
渡辺アイ整形外科胃腸内科,仙台市太白区袋原４丁目３７－１０,022-302-5302
わたなべクリニック,仙台市太白区長町南４丁目１２−２７,022-247-7786
渡辺内科胃腸科,仙台市太白区長町７丁目２−７,022-247-3105
わたるクリニック,仙台市太白区山田新町７４－１,022-307-6645
五十嵐内科,仙台市泉区向陽台２丁目２５−３,022-374-2077
いずみ往診クリニック,仙台市泉区泉中央１丁目１４−１　インテレクト21ビル２階,022-772-7101
泉大沢ファミリークリニック,仙台市泉区大沢２丁目１２−４,022-341-8642
泉ヶ丘クリニック,仙台市泉区桂１丁目１８－１,022-373-7715
泉ヶ丘佐藤内科医院,仙台市泉区泉ヶ丘４丁目２７−１０,022-373-7240
いずみクリニック,仙台市泉区加茂４丁目４−２,022-377-0551
泉黒沢クリニック,仙台市泉区松森字陣ヶ原２４−３,022-373-9755
泉こころのクリニック,仙台市泉区泉中央１丁目１２−２　泉パークビル３階,022-374-1156
泉整形外科病院,仙台市泉区上谷刈字丸山６−１,022-373-7377
泉地区休日診療所,仙台市泉区泉中央２丁目２４−１,022-373-9197
泉中央こどもクリニック,仙台市泉区泉中央３丁目２９−７,022-771-5510
泉中央内科,仙台市泉区泉中央２丁目２２−６,022-371-7772
泉内科消化器科,仙台市泉区泉中央２丁目１５−８,022-372-5556
泉七北田こどもの杜クリニック,仙台市泉区七北田字東裏２７−２,022-344-6315
いずみ野村ファミリークリニック,仙台市泉区野村字桂島東１－５,022-342-1537
泉パークタウンクリニック,仙台市泉区高森７丁目４５−３,022-378-7550
いずみ向日葵クリニック,仙台市泉区八乙女中央５丁目１８−１６,022-344-8315
井上胃腸内科医院,仙台市泉区高森１丁目１−１９７,022-378-0303
牛込医院,仙台市泉区南光台７丁目５−２７,022-253-0838
おおさか内科外科クリニック,仙台市泉区明石南３丁目５−７,022-773-8761
大澤内科,仙台市泉区住吉台東２丁目８−２０,022-376-3631
おおつか内科醫院,仙台市泉区将監８丁目８－１,022-343-6620
おかだ小児科,仙台市泉区黒松１丁目３−５,022-728-6057
岡部クリニック,仙台市泉区南中山２丁目３８−３,022-376-0180
桂こどもクリニック,仙台市泉区桂３丁目１−４,022-375-7220
桂島いずみクリニック,仙台市泉区桂１丁目１７−７,022-771-8876
北中山クリニック,仙台市泉区北中山２丁目１−２４,022-348-2650
黒松内科,仙台市泉区黒松１丁目３１－９　杉本ビル,022-347-3477
向陽台クリニック,仙台市泉区向陽台３丁目３−１２,022-373-6800
小松クリニック,仙台市泉区泉中央１丁目３８−１７,022-772-8801
こん小児科クリニック,仙台市泉区八乙女中央２丁目４－２５,022-341-2701
さいとう呼吸器科・内科,仙台市泉区南光台東１丁目１３−３０,022-251-9567
櫻井内科医院,仙台市泉区南光台南１丁目４−２０,022-251-5520
佐治クリニック,仙台市泉区鶴が丘１丁目３８−２,022-372-5055
佐竹医院,仙台市泉区南光台５丁目２８−３,022-271-7111
実沢クリニック,仙台市泉区実沢字道祖神２,022-703-4121
しょうげん内科クリニック,仙台市泉区将監殿３丁目２１−７,022-772-2130
松陵かきざきクリニック,仙台市泉区松陵２丁目２２−３,022-772-2666
しらい健康クリニック泉中央,仙台市泉区泉中央４丁目８－２　ソレイユハイツ泉中央１階,022-346-0886
須藤内科クリニック,仙台市泉区上谷刈字治郎兵衛下４８−１,022-773-2888
瑞泉会宮城クリニック,仙台市泉区八乙女中央２丁目３−８　東北療院２階,022-739-8035
せき内科クリニック,仙台市泉区松森字新田１０７,022-771-2882
泉松クリニック,仙台市泉区松森字新田１,022-771-1533
仙台胃腸クリニック,仙台市泉区上谷刈２丁目４−３０,022-218-3888
仙台北クリニック,仙台市泉区八乙女中央５丁目１１−１１,022-371-6511
仙台循環器病センター,仙台市泉区泉中央１丁目６－１２,022-372-1111
仙台徳洲会病院,仙台市泉区七北田字駕籠沢１５,022-372-1110
仙台脳外泉中央,仙台市泉区泉中央１丁目３９−２,022-343-0655
仙台北部整形外科,仙台市泉区大沢２丁目１３−４,022-776-1888
髙木医院,仙台市泉区南中山２丁目２７−１,022-379-3811
高森クリニック,仙台市泉区高森４丁目６−６,022-777-1888
高森こういちクリニック,仙台市泉区野村字筒岫屋敷１８−２,022-777-9001
たんぽぽクリニック,仙台市泉区泉中央南１４番地,022-772-2181
千田産婦人科,仙台市泉区南光台南２丁目７−７,022-251-8256
長命ヶ丘内科クリニック,仙台市泉区長命ヶ丘６丁目１５−７,022-377-6066
長命ヶ丘針生・舟田クリニック,仙台市泉区長命ヶ丘２丁目１７−２,022-378-6021
Ｔ＆Ａ内科クリニック,仙台市泉区将監８丁目１５−３１,022-355-7666
寺岡クリニック,仙台市泉区寺岡５丁目８−２,022-378-0811
七北田クリニック,仙台市泉区市名坂字東裏４０−２,022-739-7781
南光台伊藤クリニック,仙台市泉区南光台南２丁目４−２２,022-252-1234
南光台みやぐち内科クリニック,仙台市泉区南光台３丁目２７－１７,022-343-8270
南光台やまもと小児科,仙台市泉区南光台３丁目２３−２２,022-727-2577
虹の丘小児科内科クリニック,仙台市泉区虹の丘１丁目１１−１６,022-373-9088
根白石診療所,仙台市泉区根白石字堂ノ沢９,022-376-7577
橋本内科胃腸科医院,仙台市泉区長命ケ丘３丁目２−８,022-378-5524
長谷川小児科医院,仙台市泉区泉中央３丁目１−９,022-375-0555
畑岡内科クリニック,仙台市泉区寺岡１丁目２−１,022-378-8511
花田消化器科・内科,仙台市泉区南光台３丁目１８−５,022-233-5720
春山医院,仙台市泉区松陵４丁目２−５,022-375-8023
東岡内科醫院,仙台市泉区松森字岡本前１０−１,022-218-2121
福田内科クリニック,仙台市泉区泉中央１丁目１７−１,022-374-7550
ふるさと往診クリニック,仙台市泉区明石南２丁目４−５,022-344-8987
プレシオーソクリニック,仙台市泉区南光台７丁目１－１８,022-353-6971
ほし外科医院,仙台市泉区南光台南３丁目４−１０,022-251-5059
ホームドクターズ奥山,仙台市泉区加茂４丁目４−５,022-377-2882
松田病院,仙台市泉区実沢字立田屋敷１７−１,022-378-5666
松永厚生クリニック,仙台市泉区泉中央１丁目２６−４,022-772-6801
南中山内科クリニック,仙台市泉区南中山３丁目１６−４,022-348-2301
宮城厚生協会泉病院,仙台市泉区長命ケ丘２丁目１−１,022-378-5361
宮澤クリニック,仙台市泉区泉中央１丁目１４−１　インテレクト２１ビル５Ｆ,022-374-5588
紫山公園ファミリークリニック,仙台市泉区紫山４丁目２０－１１,022-343-6231
杜の泉内科循環器科,仙台市泉区寺岡５丁目１−２５,022-378-9975
八乙女あらい内科,仙台市泉区八乙女４丁目４－３,022-725-5722
八乙女駅前内科小児科,仙台市泉区八乙女中央１丁目３−２６,022-739-8804
八乙女クリニック,仙台市泉区八乙女２丁目１２−２,022-374-3555
やかたクリニック,仙台市泉区館３丁目３７－１,022-348-2252
リズムタウン仙台診察室,仙台市泉区古内字坂ノ上１６－６,022-378-8070
あいかわ小児クリニック,石巻市丸井戸３丁目４−１０,0225-92-8805
茜平クリニック,石巻市茜平２丁目２－１７,0225-98-5108
阿部こどもクリニック,石巻市千石町６−１１,0225-22-1152
網小医院,石巻市長渡浜杉１３−３,0225-49-2033
あゆみ野クリニック,石巻市あゆみ野２丁目１４－１,0225-95-0182
いしづか内科クリニック,石巻市恵み野５丁目１０－３８,0225-92-7311
石巻健育会病院,石巻市大街道西３丁目３番２７号,0225-94-9195
石巻市夜間急患センター,石巻市蛇田字西道下７１,0225-94-5111
石巻市寄磯診療所,石巻市寄磯浜赤島２－１,0225-48-2111
石巻市立牡鹿病院,石巻市鮎川浜清崎山７,0225-45-3185
石巻市立病院,石巻市穀町１５－１,0225-25-5555
石巻診療所,石巻市穀町５−２４,0225-23-0125
石巻赤十字病院,石巻市蛇田字西道下７１,0225-21-7220
石巻ロイヤル病院,石巻市広渕字焼巻２,0225-73-5888
伊藤内科クリニック,石巻市中里２丁目１２−１,0225-96-6372
駅前北きし内科クリニック,石巻市駅前北通り１丁目１４−２１,0225-95-3123
大街道じゅんクリニック,石巻市大街道北３丁目４−９７,0225-92-1092
おおば小児クリニック,石巻市門脇字青葉西３８−１,0225-93-9693
雄勝診療所,石巻市雄勝町小島字和田１２３,0225-25-7641
かづま内科クリニック,石巻市鹿妻南１丁目１３−１６,0225-96-7700
上石内科クリニック,石巻市清水町１丁目７−１２,0225-22-2602
亀田クリニック,石巻市大街道南５丁目４−３１,0225-95-6118
かわらだ内科クリニック,石巻市鋳銭場１−１０,0225-21-5335
簡野医院,石巻市鹿又字八幡前１７−４,0225-74-2244
久門医院,石巻市垂水町３丁目６−１,0225-97-4141
栗原医院,石巻市桃生町寺崎字舟場前２３−１,0225-76-4170
こばやし医院,石巻市蛇田字南経塚７−３,0225-22-0789
齋藤病院,石巻市山下町１丁目７−２４,0225-96-3251
坂井内科胃腸科,石巻市中里３丁目１−１１,0225-93-8228
佐久間眼科小児科医院,石巻市八幡町１−３−２２,0225-92-7651
櫻井内科クリニック,石巻市広渕字町北７０−１,0225-73-3811
佐々木医院,石巻市和渕字和渕町８６,0225-72-3122
佐藤神経内科医院,石巻市大手町１−８,0225-22-5522
佐藤内科,石巻市茜平４丁目１０４番地　イオンモール石巻　１Ｆ,0225-22-3020
紫桃内科医院,石巻市鹿又字伊勢前５３−２,0225-75-2325
東海林内科胃腸科,石巻市門脇字二番谷地１３−５６２,0225-96-2823
診療所　在宅医療,石巻市大街道北３丁目６−７２　ぷらすぴあさいとうA-102、103,0225-98-6255
須江きむら医院,石巻市須江字皮剥１０５－２,0225-24-6311
髙橋消化器内科,石巻市千石町２−５,0225-95-1621
田代診療所,石巻市田代浜字仁斗田１２６,0225-98-2005
中浦内科医院,石巻市中浦１丁目２−１１１,0225-21-7551
中川内科外科医院,石巻市前谷地字横須賀１０３−７,0225-72-2123
中山こどもクリニック,石巻市中里３丁目４−２７,0225-95-4121
成田医院,石巻市相野谷字飯野川町１２２,0225-62-3221
日本製紙㈱石巻工場診療所,石巻市南光町１丁目１２−８,0225-95-0346
二宮外科クリニック,石巻市不動町１丁目７－３,0225-22-0202
橋浦診療所,石巻市北上町橋浦字大須２１５,0225-67-2051
古山内科・循環器科,石巻市元倉１丁目９−９−８,0225-23-0221
まだらめ内科医院,石巻市わかば２丁目１－５,0225-24-9133
箕田内科クリニック,石巻市向陽町２丁目１−１９,0225-96-5252
宮城クリニック,石巻市中里７丁目３−３５,0225-22-5410
ものうファミリークリニック,石巻市桃生町中津山字八木１６７−４,0225-76-4024
森消化器内科外科,石巻市新橋５−３３,0225-23-2151
矢吹クリニック,石巻市大橋３丁目２−７,0225-21-6117
やまもと産婦人科,石巻市大街道北１丁目３−１５,0225-93-7000
よしろう内科,石巻市住吉町１丁目８−４６,0225-22-3277
わたのはクリニック,石巻市さくら町５丁目１３－１,0225-24-6350
イオンタウン矢本内科,東松島市小松字谷地２２６,0225-24-6119
石垣クリニック内科循環器科,東松島市矢本字大林１４,0225-83-7070
伊東胃腸科内科,東松島市赤井字鷲塚６９−８,0225-82-6666
うつみレディスクリニック,東松島市赤井字八反谷地１３２−６,0225-84-2868
かしわや内科クリニック,東松島市小松字若葉７−１０,0225-83-2003
神山クリニック,東松島市赤井字川前４－１－６,0225-98-8617
北原ライフサポートクリニック東松島,東松島市川下字内響１３２−３２,0225-86-1181
航空自衛隊松島基地医務室,東松島市矢本字板取８５,0225-82-2111
ししど内科クリニック,東松島市赤井字南一２２３,0225-83-8830
仙石病院,東松島市赤井字台５３−７,0225-83-2111
永沼ハートクリニック,東松島市赤井字川前一９−１,0225-82-6680
鳴瀬中央医院,東松島市牛網字新上江戸原８１番地１,0225-87-3853
ひかりサンテクリニック,東松島市矢本字上河戸２９３−８,0225-84-1333
不老園　診療所,東松島市野蒜ヶ丘３丁目２７－１,0225-98-7110
真壁病院,東松島市矢本字鹿石前１０９−４,0225-82-7111
みやぎ東部循環器科,東松島市赤井字八反谷地９６−１,0225-82-9930
宮戸クリニック,東松島市宮戸字里８１−１８,0225-88-2208
森さい生医院,東松島市野蒜ケ丘３丁目２８－３,0225-98-8891
やもと内科クリニック,東松島市矢本字大溜３２５,0225-98-3260
女川町地域医療センター,牡鹿郡女川町鷲神浜字堀切山１０７－１,0225-53-5511
赤石病院,塩竈市花立町２２−４２,022-362-8131
いけの医院,塩竈市藤倉３丁目１７−５,022-367-1110
浦戸診療所,塩竈市浦戸野々島字河岸５０,022-369-2350
及川内科,塩竈市尾島町５−１６,022-364-8986
金医院,塩竈市旭町５−１０,022-362-2026
坂総合病院附属北部診療所,塩竈市庚塚１−３,022-366-7251
ささき内科・呼吸器科クリニック,塩竈市玉川１丁目３−３０,022-365-6201
塩竈市立病院,塩竈市香津町７−１,022-364-5521
塩釜地区休日急患診療センター,塩竈市錦町７−１０,022-366-0630
清水沢クリニック,塩竈市清水沢３丁目１４−２４,022-367-6822
新浜クリニック,塩竈市新浜町１丁目６−１８,022-363-3363
菅原内科,塩竈市宮町２−２８,022-362-0513
杉山内科,塩竈市北浜１丁目６−９,022-362-1715
高橋ジェネラルクリニック,塩竈市藤倉３丁目６−４,022-365-9005
冨永内科医院,塩竈市松陽台１丁目１－２－２,022-365-7188
鳥越塩釜腎クリニック,塩竈市錦町５−１３,022-365-1361
平澤内科医院,塩竈市石堂１−３３,022-365-0222
ふくちゃんクリニック,塩竈市泉沢町２２−１０　１階,022-365-2238
藤谷内科クリニック,塩竈市南錦町８−１０,022-361-0211
本間医院,塩竈市本町３−２０,022-364-1760
緑ヶ丘病院,塩竈市西玉川町１−１６,022-362-5555
宮町脳神経・眼科クリニック,塩竈市宮町８−１５,022-362-2121
無量井内科クリニック,塩竈市東玉川町２−２８,022-361-3577
ももせクリニック,塩竈市清水沢４丁目３７－２０,022-361-8201
やまとクリニック,塩竈市字伊保石２１番地１,022-367-7611
石井小児科,多賀城市高崎３丁目２７−２７,022-368-8081
今井医院,多賀城市八幡２丁目１２−７０,022-366-7337
おおしろファミリークリニック,多賀城市大代５－４−３,022-762-6560
おおば医院,多賀城市下馬３丁目１−２８,022-363-0213
おだかクリニック,多賀城市中央１丁目１６−６,022-309-4970
かくたクリニック,多賀城市中央１丁目１６−８,022-368-7717
笠神ハートクリニック,多賀城市笠神４丁目６−１６,022-361-8010
坂総合クリニック,多賀城市下馬２丁目１３−７,022-361-7011
じょうなんファミリークリニック,多賀城市城南１丁目１０－６,022-781-7725
関クリニック,多賀城市高崎３丁目２６−３５,022-309-6070
関口内科胃腸科医院,多賀城市八幡３丁目５−９,022-362-2668
仙塩診療所,多賀城市伝上山１丁目５−５,022-362-3003
仙塩総合病院,多賀城市桜木２丁目１−１,022-367-4111
多賀城あかざクリニック,多賀城市高橋２丁目１５－２８,022-794-7201
まえひらクリニック,多賀城市高橋５丁目３−２,022-389-2575
山田憲一内科,多賀城市山王字中山王１３−１,022-368-2200
山田内科医院,多賀城市下馬３丁目３３−３,022-365-5911
よしづみ内科・糖尿病クリニック,多賀城市東田中字志引８５－１,022-354-0231
よねち内科クリニック,多賀城市高橋４丁目１４−６,022-389-1760
たけなか医院,宮城郡松島町高城字町６１,022-354-2607
中山クリニック,宮城郡松島町磯崎字磯崎２−８,022-353-2333
松島海岸診療所,宮城郡松島町松島字普賢堂２−１１,022-354-3702
松島病院,宮城郡松島町高城字浜１−２６,022-354-5811
遠藤医院,宮城郡七ヶ浜町吉田浜字寺山１２−１,022-357-3211
かしま田園クリニック,宮城郡七ヶ浜町松ケ浜字謡１３７−２０,022-357-7531
汐見台クリニック,宮城郡七ヶ浜町汐見台南１丁目１−５,022-357-5536
鈴木診療所,宮城郡七ヶ浜町境山２丁目７−１４,022-364-5833
青葉台クリニック,宮城郡利府町青葉台３丁目１−７８,022-356-6757
加瀬クリニック,宮城郡利府町加瀬字北窪１６−１,022-349-1718
神谷沢内科クリニック,宮城郡利府町神谷沢字塚元３６−１,022-255-3151
さわおとクリニック,宮城郡利府町沢乙東１−１２,022-767-7444
しらかし台医院,宮城郡利府町しらかし台２丁目１２−１,022-356-6681
仙塩利府病院,宮城郡利府町青葉台２丁目２−１０８,022-355-4111
たかだこども医院,宮城郡利府町沢乙東１−１４,022-767-6555
宮城利府掖済会病院,宮城郡利府町森郷字新太子堂５１,022-767-2151
ゆうファミリークリニック,宮城郡利府町利府字新館２−５,022-766-4141
利府内科胃腸科医院,宮城郡利府町中央２丁目８−４,022-356-5561
りふの内科クリニック,宮城郡利府町新中道２丁目１－２,022-356-8200
秋山内科医院,大崎市古川荒谷字本町４５,0229-28-1909
旭山病院,大崎市鹿島台平渡字大沢２１−１８,0229-56-2431
天野内科クリニック,大崎市田尻北牧目字新堀４６−８,0229-39-1233
ありま小児科医院,大崎市古川駅南２丁目４−２０,0229-22-7070
伊藤医院,大崎市古川小泉字泉４０,0229-23-8866
猪瀬医院,大崎市古川大宮５丁目４−１０,0229-22-0777
岩出山分院,大崎市岩出山字下川原町８４−２９,0229-72-1355
岩渕胃腸科内科,大崎市三本木字南町４０－２,0229-52-6211
大崎市民病院,大崎市古川穂波３丁目８－１,0229-23-3311
大崎市民病院　健康管理センター,大崎市古川千手寺町２丁目３－１５,0229-23-3471
大崎市夜間急患センター,大崎市古川千手寺町２丁目３－１５,0229-23-9919
大崎西部クリニック,大崎市古川新堀字東田３５,0229-87-3723
大崎東部クリニック,大崎市松山金谷字中田８３,0229-55-2511
大崎ミッドタウン総合メディケアクリニック,大崎市松山金谷字中田７６－１,0229-55-3349
近江医院,大崎市三本木字しらとり１７−３,0229-52-3057
岡本クリニック,大崎市古川駅前大通２丁目４−２６　瀬戸歯科ビル１階,0229-91-0929
尾花内科クリニック,大崎市古川中島町２－３９,0229-21-0087
鹿島台分院,大崎市鹿島台平渡字東要害２０,0229-56-2611
片倉病院,大崎市古川浦町１−３７,0229-22-0016
鎌田内科クリニック,大崎市古川諏訪２丁目２−２８,0229-24-1700
寛内科・胃腸科クリニック,大崎市古川駅前大通１丁目１−１０,0229-24-8822
こころのホスピタル・古川グリーンヒルズ,大崎市古川西館３丁目６−６０,0229-22-1190
こだしろクリニック,大崎市古川駅南１丁目２７,0229-21-8577
佐久間内科医院,大崎市鹿島台平渡字新屋敷下８７−１,0229-56-3700
佐々木医院,大崎市古川諏訪１丁目３−３７,0229-22-2290
佐藤医院,大崎市鳴子温泉字湯元９２−１,0229-82-2656
さとう内科循環器科医院,大崎市古川中里３丁目１１−５９,0229-23-0006
佐藤病院,大崎市古川中里１丁目３−１８,0229-22-0207
星陵あすか病院,大崎市古川稲葉２丁目３－１５,0229-25-8000
高橋医院,大崎市岩出山字上川原町２４−３,0229-72-1005
髙橋医院,大崎市古川中里２丁目２−２５,0229-22-0791
田尻診療所,大崎市田尻通木字中崎東１０−１,0229-38-1152
たじり中央クリニック,大崎市田尻沼部字新富岡３１−７,0229-39-7955
千葉医院,大崎市古川駅前大通６丁目２−４４,0229-22-3228
冨樫クリニック,大崎市古川大宮８丁目９−１５,0229-23-4456
長井内科医院,大崎市古川三日町１丁目３－２５,0229-91-1020
鳴子温泉分院,大崎市鳴子温泉字末沢１,0229-82-2311
ＰＦＣ　ＨＯＳＰＩＴＡＬ,大崎市古川中島町１−８,0229-22-1608
古川クリニック,大崎市古川西館３丁目３−２,0229-91-9119
古川星陵病院,大崎市古川南町３丁目１−３−５,0229-23-8181
古川民主病院,大崎市古川駅東２丁目１１−１４,0229-23-5521
穂波の郷クリニック,大崎市古川穂波６丁目３０－１２,0229-24-3880
まつうら内科小児科クリニック,大崎市古川大宮１丁目１−７９,0229-23-5677
三浦病院,大崎市古川三日町２丁目３番４５号,0229-22-6656
宮里クリニック,大崎市古川城西２丁目６−２４,0229-23-7529
やまと在宅診療所大崎,大崎市古川駅東１丁目５－１７,0229-91-8981
遊佐クリニック,大崎市鳴子温泉字湯元１０４,0229-81-1133
わたなべ医院,大崎市松山千石字松山４４０,0229-55-3535
熱海医院,遠田郡美里町字素山町１８-１,0229-33-2020
小牛田内科クリニック,遠田郡美里町牛飼字牛飼７７−２,0229-32-5959
髙城利江整形外科,遠田郡美里町牛飼字牛飼７７−５,0229-31-1230
南郷病院,遠田郡美里町木間塚字原田５,0229-58-1234
野崎内科胃腸科,遠田郡美里町字藤ケ崎町１７８,0229-32-2770
野崎病院,遠田郡美里町字藤ケ崎町１７１,0229-32-4866
横山医院,遠田郡美里町関根字道明４３,0229-34-2230
ありまファミリークリニック,加美郡加美町字西町１９,0229-63-2230
伊藤医院,加美郡加美町旧舘一番８０−２,0229-63-2025
大山医院,加美郡加美町字北町二番１８１−１,0229-63-3054
おのだクリニック,加美郡加美町字下原３８番地３,0229-67-2228
佐々木胃腸科,加美郡加美町字西町４８,0229-63-3324
鈴木診療所,加美郡加美町宮崎字屋敷５−２１−２,0229-68-2121
鈴木内科医院,加美郡加美町字旧館１−１７,0229-63-3056
中新田クリニック,加美郡加美町字大門２０,0229-63-7676
中新田民主医院,加美郡加美町字矢越３４５,0229-63-2156
公立加美病院,加美郡色麻町四竃字杉成９,0229-66-2500
医療法人　東泉堂病院,遠田郡涌谷町字追廻町７０−３,0229-42-3333
米谷医院,遠田郡涌谷町字田町裏１９１−１,0229-44-1133
宮野内科医院,遠田郡涌谷町字桑木荒１１３−４,0229-43-5031
涌谷中央医院,遠田郡涌谷町涌谷字日向町３５,0229-42-2351
涌谷町国保病院,遠田郡涌谷町涌谷字中江南２７８,0229-43-5111
石越病院,登米市石越町南郷字小谷地前２４５,0228-34-3211
上沼診療所,登米市中田町上沼字新寺山下５９－１,0220-34-2120
大坂医院,登米市中田町石森字駒牽２４０−１,0220-34-6625
おおたおおたにクリニック,登米市中田町石森字加賀野２丁目２５−２４,0220-35-1161
おおともクリニック,登米市津山町柳津字幣崎４２２,0225-68-3210
小澤医院,登米市米山町中津山字明神前１６−１,0220-55-2552
小出医院,登米市登米町日野渡内ノ目３２９－１,0220-52-2303
今堂医院,登米市石越町東郷字今道１９,0228-34-3031
桜井医院,登米市登米町寺池前舟橋６－１,0220-52-3936
佐幸医院,登米市迫町佐沼字錦１０,0220-22-7003
ささはら総合診療科,登米市迫町佐沼字江合１丁目８−８,0220-21-5660
佐藤医院,登米市南方町畑岡下７−５,0220-58-2058
佐藤医院,登米市豊里町横町６０,0225-76-3420
佐藤内科医院,登米市迫町佐沼字光ケ丘５１−１,0220-22-2160
サンクリニック,登米市南方町鴻ノ木１５２−１,0220-29-6060
しのはらクリニック,登米市米山町西野字西野前２０２－１,0220-23-7387
島医院,登米市南方町西山成前１３３,0220-29-6056
菅原内科クリニック,登米市迫町佐沼字八幡３丁目４−２,0220-22-0888
田中医院,登米市迫町佐沼字小金丁５３−２,0220-22-1155
千葉医院,登米市迫町佐沼字天神前８０,0220-22-3725
東北新生園所属所診療部,登米市迫町新田字上葉ノ木沢１,0228-38-2121
登米市立登米市民病院,登米市迫町佐沼字下田中２５,0220-22-5511
登米市立豊里病院,登米市豊里町土手下７４−１,0225-76-2023
登米市立米谷病院,登米市東和町米谷字元町２００,0220-42-2007
新田診療所,登米市迫町新田字山田９−３,0220-28-3398
二瓶内科胃腸科医院,登米市迫町佐沼字中江３丁目７−７,0220-22-6508
三浦消化器内科,登米市中田町石森字蓬田１９５,0220-34-3611
八木小児科医院,登米市迫町佐沼字西佐沼１２５,0220-22-2566
八嶋中央診療所,登米市石越町南郷字矢作１３８,0228-34-2013
やまと在宅診療所登米,登米市迫町佐沼字南元丁７２,0220-23-9832
遊佐内科胃腸科医院,登米市迫町佐沼字南佐沼１丁目４−１５,0220-22-2177
米川診療所,登米市東和町米川字町下５９−１,0220-45-2301
わたなべ内科クリニック,登米市迫町佐沼字大網２２４−１,0220-21-5335
阿部内科医院,栗原市若柳字川北東若柳７８,0228-32-6929
石橋病院,栗原市若柳字川北堤下２７,0228-32-2583
一迫内科クリニック,栗原市一迫真坂字真坂町東６６−１,0228-52-2122
岩渕医院,栗原市栗駒岩ヶ崎上町裏７,0228-45-2155
鶯沢診療所,栗原市鶯沢南郷広面３８−１,0228-55-3511
氏家医院,栗原市若柳川南南大通２丁目１０,0228-32-2328
きくた内科クリニック,栗原市築館源光４−４７,0228-21-1313
熊坂医院,栗原市一迫字川口中野１０,0228-54-2311
くりこまクリニック,栗原市栗駒岩ヶ崎上小路１５３,0228-45-2128
栗駒病院,栗原市栗駒岩ケ崎松木田１０−１,0228-45-2211
栗原市立若柳病院,栗原市若柳字川北原畑２３−４,0228-32-2335
栗原中央病院,栗原市築館宮野中央３丁目１−１,0228-21-5330
佐々木内科医院,栗原市若柳字川北欠２１-１,0228-32-6633
佐藤外科医院,栗原市築館伊豆１丁目６−２５,0228-22-2661
佐藤内科小児科医院,栗原市築館伊豆１丁目１０−２５,0228-22-3205
沢辺中央医院,栗原市金成沢辺木戸口７４−３,0228-42-1171
志波姫診療所,栗原市志波姫新沼崎１４６,0228-25-3133
瀬峰診療所,栗原市瀬峰長者原３７−２,0228-38-3121
せみねの丘クリニック,栗原市瀬峰根岸５５－２,0228-38-4133
高清水診療所,栗原市高清水桜丁７,0228-58-2020
高橋ハートクリニック,栗原市瀬峰下田１７０−３,0228-59-2005
達内科,栗原市築館薬師４丁目３−３０,0228-22-2655
たまがけ医院,栗原市一迫真坂字町東２８,0228-52-5115
萩野診療所,栗原市金成有壁上原前４−７,0228-44-2005
花山診療所,栗原市花山字本沢北ノ前７８－２,0228-56-2013
日野クリニック,栗原市志波姫新沼崎５０−２,0228-23-7100
日野外科内科,栗原市築館薬師３丁目３−３３,0228-22-2005
平田内科整形外科歯科,栗原市栗駒岩ヶ崎上小路１１２,0228-45-2126
ほそや小児科,栗原市栗駒岩ヶ崎神南２７−４,0228-45-5660
まるき内科クリニック,栗原市志波姫堀口十文字１－１,0228-24-8073
宮城島クリニック,栗原市一迫真坂字清水山王前６−５,0228-52-2881
やまと在宅診療所栗原サテライト,栗原市志波姫沼崎南沖６４５　まるげんハイツＡ号室,0228-24-9055
令和クリニック,栗原市若柳字川南上堤９０－３,0228-32-5430
若柳消化器内科,栗原市若柳字川北古川１４,0228-32-2316
あいざわクリニック,気仙沼市東新城２丁目９−１,0226-21-1160
猪苗代医院,気仙沼市三日町２丁目１−９,0226-24-7180
猪苗代病院,気仙沼市南町１丁目３−７,0226-22-7180
うちクリニック,気仙沼市東新城１丁目６−１３,0226-23-0087
大里胃腸科内科婦人科医院,気仙沼市南郷２−２,0226-22-7157
大島医院,気仙沼市高井２１５−２,0226-28-2603
大友医院,気仙沼市三日町２丁目２−２５,0226-22-6868
おだか医院,気仙沼市田中前４丁目１０−２,0226-22-3210
小野医院,気仙沼市唐桑町宿浦４０５−８,0226-32-3128
小野寺医院,気仙沼市赤岩五駄鱈７６−１,0226-23-9890
葛内科胃腸科医院,気仙沼市田中前２丁目８−８,0226-22-6750
気仙沼市立病院,気仙沼市赤岩杉ノ沢８番地２,0226-22-7100
小松クリニック,気仙沼市東八幡前２７０−６,0226-21-5770
こまつ内科医院,気仙沼市田谷11-11,0226-29-6482
佐々木小児科医院,気仙沼市本郷９−２,0226-22-6811
三条小児科医院,気仙沼市田中前２丁目８−４,0226-23-0088
すがわら内科クリニック,気仙沼市松崎萱１２１－３,0226-25-8825
鈴木医院,気仙沼市長磯原ノ沢５０−２,0226-27-2315
中原クリニック,気仙沼市田谷１−２,0226-23-1028
三峰病院,気仙沼市松崎柳沢２１６−５,0226-22-6685
南気仙沼内科医院,気仙沼市内の脇１丁目６－１５－１,0226-25-7412
もとよしクリニック,気仙沼市本吉町津谷長根８６－３,0226-25-7585
本吉病院,気仙沼市本吉町津谷明戸２２２−２,0226-42-2621
森田医院,気仙沼市八日町１丁目４−１,0226-22-6633
歌津八番クリニック,本吉郡南三陸町歌津字枡沢７７−１,0226-36-9511
佐藤徹内科,本吉郡南三陸町志津川字沼田１４４−４５,0226-47-1175
南三陸病院,本吉郡南三陸町志津川字沼田１４－３,0226-46-3646
朝倉医院,白石市字本町８９,0224-25-2101
海上内科医院,白石市長町５６−１,0224-25-1501
梅津内科医院,白石市字銚子ケ森１０−１３,0224-24-3571
えんどうクリニック,白石市兎作４０−１,0224-26-3888
大泉記念病院,白石市福岡深谷字一本松５−１,0224-22-2111
柿崎小児科,白石市沢端町１−３７,0224-25-2210
加藤小児科内科医院,白石市大手町３−１３,0224-26-2653
かんのリズムハートクリニック,白石市鷹巣東３丁目８－３,0224-26-6330
公立刈田綜合病院,白石市福岡蔵本字下原沖３６,0224-25-2145
こまつクリニック,白石市城南２丁目２−６,0224-22-2115
白石今野医院,白石市郡山字虎子沢山１−３,0224-25-2822
たかはし内科クリニック,白石市城北町４−１１,0224-22-2535
塚本内科消化器科,白石市城南１丁目２−２９,0224-26-1026
つつみ内科外科こどもクリニック,白石市清水小路６,0224-25-1181
引地クリニック,白石市鷹巣東１丁目５－２６,0224-26-2823
水野内科クリニック,白石市沢端町３−４３,0224-25-2736
内方医院,刈田郡蔵王町宮字町３２,0224-32-2101
国保蔵王病院,刈田郡蔵王町大字円田字和田１３０,0224-33-2260
佐藤医院,刈田郡蔵王町宮字町３６,0224-32-2002
七ヶ宿町国保診療所,刈田郡七ヶ宿町字関１８３,0224-37-2002
七ヶ宿町湯原診療所,刈田郡七ヶ宿町字東口道下４−６,0224-37-3055
あいのもりクリニック,名取市愛の杜１丁目２−１,022-784-1550
あべ脳神経クリニック,名取市上余田字市の坪２７０,022-381-5035
エアリ総合内科漢方クリニック,名取市杜せきのした５丁目３−１　イオンモール名取１階,022-797-8601
かとうこどもクリニック,名取市杜せきのした２丁目６−８,022-399-9152
金沢内科胃腸科,名取市小山２丁目３−３２,022-382-3388
桑島クリニック,名取市箱塚１丁目１９−３５,022-381-5080
笹川医院,名取市増田２丁目３−８　高芳店舗１階,022-382-3025
さとうクリニック,名取市手倉田字諏訪５６５−１,022-384-1883
鈴木ゆうクリニック,名取市手倉田字八幡３３８−８,022-381-6868
ストレスケア・クリニック　ルメート,名取市杜せきのした５丁目１２−１,022-784-3033
せきのした総合クリニック,名取市杜せきのした１丁目８−２３,022-383-7557
仙台空港北クリニック,名取市美田園８丁目１−８,022-797-9523
曽我内科こどもクリニック,名取市杉ケ袋字前沖７１−１,022-381-5988
武田内科医院,名取市増田２丁目６−１１,022-382-3100
館腰クリニック,名取市植松４丁目１７−１６,022-383-6677
たんのクリニック,名取市手倉田字諏訪５９９−１,022-381-5233
丹野小児科医院,名取市大手町３丁目６２０−１,022-382-3780
時計台クリニック,名取市杜せきのした２丁目６−７,022-398-3353
那智が丘クリニック,名取市那智が丘４丁目１９−１,022-386-5311
名取熊野堂病院,名取市高舘熊野堂字岩口下６８−１,022-386-2131
名取市休日夜間急患センター,名取市下余田字鹿島７４－３,022-384-0001
なとり整形,名取市小山２丁目１−５,022-382-2362
名取中央クリニック,名取市増田字柳田８,022-383-5252
名取透析クリニック,名取市美田園６丁目２－６,022-302-7522
なとり皮膚科くまのどう内科下肢静脈瘤クリニック,名取市高舘熊野堂岩口下４５－３,022-796-3282
浜田Ａ＆Ｂクリニック,名取市手倉田字堰根３７７−１,022-384-7225
ひまわり内科・消化器科クリニック,名取市みどり台２丁目４−３,022-386-8333
洞口・佐藤クリニック,名取市増田１丁目５−１２,022-382-2333
みどり台小児科外科内科,名取市みどり台１丁目３−１,022-386-7220
めでしまのさと内科クリニック,名取市愛島郷１丁目１６－２８,022-302-6551
毛利内科,名取市増田６丁目２−８,022-384-8052
守健診内科,名取市増田１丁目９－２１,022-384-5171
森内科クリニック,名取市下余田字鹿島８６－５,022-383-3070
ゆりあげクリニック,名取市美田園７丁目１７番地の３,022-738-7081
あおば内科・胃腸内科クリニック,岩沼市恵み野２丁目２－２,0223-29-3741
ありた総合内科,岩沼市中央３丁目４−２７,0223-25-2561
いたのこどもクリニック,岩沼市恵み野１－７－６,0223-29-4158
岩沼クリニック,岩沼市館下２丁目１−１９,0223-25-6858
おなかのクリニック,岩沼市たけくま２丁目４−１７,0223-25-6188
佐藤医院,岩沼市中央２丁目５−３０,0223-22-2848
スズキ記念病院,岩沼市里の杜３丁目５−５,0223-23-3111
西陵内科,岩沼市土ケ崎３丁目８−８,0223-22-1818
てんかん病院　ベーテル,岩沼市北長谷字畑向山南２７番地４,0223-24-1211
なくいクリニック,岩沼市あさひ野１丁目１１－２,0223-35-7461
脳外科内科すずきクリニック,岩沼市桑原４丁目１１−１８,0223-25-6567
本郷医院,岩沼市中央３丁目４−１６,0223-24-2100
緑の里クリニック,岩沼市北長谷字畑向山南２７−２,0223-23-2678
南東北病院,岩沼市里の杜１丁目２−５,0223-23-3151
南浜中央病院,岩沼市寺島字北新田１１１,0223-24-1861
森川こどもクリニック,岩沼市土ケ崎４丁目１−１２,0223-25-2711
安田内科医院,岩沼市大手町８−１１,0223-22-2693
山本クリニック,岩沼市中央１丁目３−１２,0223-22-2630
柿沼循環器科,亘理郡亘理町逢隈中泉字中１７８−１,0223-32-2871
熊谷内科医院,亘理郡亘理町字中町東１７１−１,0223-34-5140
県南ありのまま舎診療所,亘理郡亘理町字旧舘６１－７,0223-23-0803
高橋内科乳腺外科,亘理郡亘理町逢隈中泉字沼添７３－１,0223-33-1121
ヒロミ小児科,亘理郡亘理町字下小路１８−１,0223-34-3204
三浦クリニック,亘理郡亘理町字新町４０,0223-33-1811
三上医院,亘理郡亘理町字裏城戸１７９−１,0223-34-3711
やべ内科クリニックわたり,亘理郡亘理町吉田字松崎７０−１,0223-34-3003
山形外科医院,亘理郡亘理町字旧舘１７−１,0223-34-3171
やまだクリニック,亘理郡亘理町字下小路１６－１,0223-23-1107
亘理往診クリニック,亘理郡亘理町逢隈中泉字本木４－１　１Ｆ,0223-23-1531
浅生原クリニック,亘理郡山元町浅生原字日向２０－２,0223-23-0345
菊地内科医院,亘理郡山元町浅生原作田山２−７２,0223-37-3300
国立宮城病院,亘理郡山元町高瀬字合戦原１００番地,0223-37-1131
松村クリニック,亘理郡山元町坂元字道合３７,0223-38-0005
阿部内科医院,角田市角田字牛舘８９−３,0224-63-3335
角田ふれあいクリニック,角田市角田字豊町１−３,0224-63-0062
金上病院,角田市角田字田町１２３,0224-63-1032
仙南病院,角田市角田字牛舘１６,0224-63-2003
高山医院,角田市角田字町２４３,0224-63-2304
同済病院,角田市佐倉字上土浮２,0224-63-0360
名取医院,角田市角田字南６１−１,0224-63-2347
なのはなクリニック,角田市角田字扇町１０−１,0224-86-3991
丸森病院,伊具郡丸森町字鳥屋２７,0224-72-2131
三澤医院,伊具郡丸森町字大舘３−１１０,0224-72-1166
山本医院,伊具郡丸森町字町西６２−１,0224-72-1351
甘糟医院,柴田郡大河原町大谷字末広８１,0224-53-1460
安藤医院,柴田郡大河原町大谷字盛１６,0224-52-1123
かわち医院,柴田郡大河原町東新町１０−７,0224-52-3115
日下内科医院,柴田郡大河原町字町７３,0224-52-1058
さくら小児科医院,柴田郡大河原町住吉町１１−１,0224-51-5355
さくら内科消化器科,柴田郡大河原町住吉町１１-１,0224-53-5151
庄司クリニック,柴田郡大河原町大谷字戸ノ内前３５−１,0224-51-3741
仙南夜間初期急患センター,柴田郡大河原町字西３８－１,0224-51-9986
平井内科,柴田郡大河原町字甲子町３−５,0224-52-2777
南桜ホームケアクリニック,柴田郡大河原町字南桜町７−８,0224-51-0721
みやぎ県南中核病院,柴田郡大河原町字西３８−１,0224-51-5500
町南診療所,柴田郡村田町大字村田字町南３３−１,0224-83-5503
村田診療所,柴田郡村田町大字村田字西６２,0224-83-2445
村田透析クリニック,柴田郡村田町大字沼辺字新小谷地27番地2,0224-86-5755
村田内科クリニック,柴田郡村田町大字小泉字西浦８４−１,0224-83-6061
善積医院,柴田郡村田町大字村田字西４６,0224-83-2172
乾医院,柴田郡柴田町槻木下町３丁目１−２０,0224-56-1451
いのまた胃と腸・内科クリニック,柴田郡柴田町槻木上町２丁目７－２５,0224-87-8750
太田内科,柴田郡柴田町船岡中央３丁目３−３４,0224-55-1702
大沼胃腸科内科外科医院,柴田郡柴田町槻木上町３丁目１−１０,0224-56-1441
おおぬま小児科,柴田郡柴田町槻木上町１丁目１−５１,0224-87-7561
しばた協同クリニック,柴田郡柴田町船岡新栄４丁目４−１,0224-57-2310
仙台大学 健康管理センター付属診療所,柴田郡柴田町船岡南２丁目２−１８,
仙南中央病院,柴田郡柴田町北船岡１丁目２−1,0224-54-1210
高沢内科,柴田郡柴田町西船迫３丁目５−１,0224-57-1231
玉渕医院,柴田郡柴田町槻木上町１丁目１−５４,0224-56-1012
船岡今野病院,柴田郡柴田町船岡中央２丁目５−１６,0224-54-1034
ふなばさま医院,柴田郡柴田町大字本船迫字上町２６−３２,0224-58-2220
宮上クリニック,柴田郡柴田町西船迫２丁目７−１,0224-55-4103
村川医院,柴田郡柴田町船岡中央２丁目９−１６,0224-54-2316
国保川崎病院,柴田郡川崎町大字前川字北原２３−１,0224-84-2119
田中医院,柴田郡川崎町山長７４,0224-84-2225
山家内科小児科医院,柴田郡川崎町大字前川字中町７６−２,0224-84-2023
きぼうの杜診療所,黒川郡大和町吉田字新要害１０,022-344-4607
公立黒川病院,黒川郡大和町吉岡字西桧木６０,022-345-3101
瀬戸医院,黒川郡大和町吉岡字上町７２,022-345-2630
大和クリニック,黒川郡大和町まいの２丁目２-４,022-345-3411
田山小児科医院,黒川郡大和町吉岡字館下２２−５,022-345-0738
東京エレクトロン宮城株式会社　医務室,黒川郡大和町テクノヒルズ１番,
深見クリニック,黒川郡大和町吉岡字上道下４０−１,022-345-3693
吉岡まほろばクリニック,黒川郡大和町吉岡まほろば１丁目５－４,022-345-9901
杉山医院,黒川郡大郷町羽生字中ノ町１１－１,022-359-4123
あおぞら在宅診療所　富谷仙台,富谷市あけの平２丁目３－８,022-342-1097
明石台こども,富谷市明石台６丁目１－２０　生協ショッピングセンター内,022-725-8815
明石台整形外科,富谷市明石台２丁目２２−５,022-351-2322
明石台レディースクリニック,富谷市明石台２丁目１３−１,022-772-8188
明石台内科,富谷市明石台５丁目１−４,022-772-5555
医）いとうクリニック,富谷市成田４丁目１−１１,022-348-3051
大清水内科クリニック,富谷市大清水１丁目２−３,022-346-0482
上桜木しんがい脳神経外科,富谷市上桜木２丁目３−１４,022-779-1377
渋谷クリニック,富谷市日吉台２丁目３８−１０,022-348-5211
仙台リハビリテーション病院,富谷市成田１丁目３−１,022-351-8118
たいとみ胃腸内科,富谷市日吉台２丁目３４−２,022-725-7201
Town Clinic en,富谷市明石台７丁目１－５,022-358-1976
ちば小児科,富谷市富谷北裏４７,022-358-0601
富ケ丘内科・アレルギー科,富谷市富ケ丘２丁目１１－４４,022-343-5512
富谷医院,富谷市ひより台１丁目４５−１,022-358-2872
富谷中央病院,富谷市上桜木２丁目１番地６,022-779-1470
のりこ小児科,富谷市日吉台２丁目２４−２,022-358-1212
日吉台きむら内科,富谷市日吉台１丁目２１−１,022-348-0722
やすこ女性クリニック,富谷市明石台６丁目１－２０,022-342-1255
大衡村診療所,黒川郡大衡村大衡字河原５５−１１,022-345-2336
